00:36:59.599 [ INFO] maestro.cli.report.TestDebugReporter.logSystemInfo: Debug output path: /Users/justinrich/.maestro/tests/2026-09-07_003659
00:36:59.600 [ INFO] MAESTRO.logSystemInfo: ---- System Info ----
00:36:59.600 [ INFO] MAESTRO.logSystemInfo: Maestro Version: 2.5.1
00:36:59.600 [ INFO] MAESTRO.logSystemInfo: CI: Undefined
00:36:59.601 [ INFO] MAESTRO.logSystemInfo: OS Name: Mac OS X
00:36:59.601 [ INFO] MAESTRO.logSystemInfo: OS Version: 26.4.1
00:36:59.601 [ INFO] MAESTRO.logSystemInfo: Architecture: aarch64
00:36:59.601 [ INFO] MAESTRO.logSystemInfo: Java Version: 21
00:36:59.647 [ INFO] MAESTRO.logSystemInfo: Xcode Version: 26.6
00:36:59.650 [ INFO] MAESTRO.logSystemInfo: Flutter Version: Undefined
00:36:59.653 [ INFO] MAESTRO.logSystemInfo: Flutter Channel: Undefined
00:36:59.654 [ INFO] MAESTRO.logSystemInfo: ---------------------
00:36:59.771 [DEBUG] io.micrometer.common.util.internal.logging.InternalLoggerFactory.newDefaultFactory: Using SLF4J as the default logging framework
00:37:01.408 [ INFO] maestro.cli.command.TestCommand.runShardSuite: [shard 1] Selected device 9677B8E8-CD67-4561-89DF-17BFD99309CC using port 7001 with execution plan ExecutionPlan(flowsToRun=[/Users/justinrich/Projects/rnr-ai-elements/.kb-run-sprint/worktrees/sprint-01-installed-app-cold-boots-on-both-platforms/FIX-F8-1/.tmp/FIX-F8-1/cycle-1/context-portal-ios-probe.yaml], sequence=FlowSequence(flows=[], continueOnFailure=true), workspaceConfig=WorkspaceConfig(flows=null, includeTags=null, excludeTags=null, executionOrder=null, baselineBranch=null, notifications=null, disableRetries=false, platform=PlatformConfiguration(android=AndroidConfiguration(disableAnimations=false), ios=IOSConfiguration(disableAnimations=false, snapshotKeyHonorModalViews=null)), testOutputDir=null))
00:37:02.077 [TRACE] ios.xctest.XCTestIOSDevice.open: Opening a connection
00:37:02.077 [TRACE] xcuitest.XCTestDriverClient.restartXCTestRunner: Restarting XCTest Runner (uninstalling, installing and starting)
00:37:02.077 [ INFO] xcuitest.installer.LocalXCTestInstaller.xcTestDriverStatusCheck: [Start] Perform XCUITest driver status check on 9677B8E8-CD67-4561-89DF-17BFD99309CC
00:37:02.078 [ INFO] xcuitest.installer.LocalXCTestInstaller.xcTestDriverStatusCheck: [Failed] Perform XCUITest driver status check on 9677B8E8-CD67-4561-89DF-17BFD99309CC, exception: java.net.ConnectException: Failed to connect to /127.0.0.1:7001
00:37:02.079 [TRACE] xcuitest.XCTestDriverClient.restartXCTestRunner: XCTest Runner uninstalled, will install and start it
00:37:02.079 [ INFO] xcuitest.installer.LocalXCTestInstaller.start$lambda$3: start()
00:37:02.079 [ INFO] xcuitest.installer.LocalXCTestInstaller.start$lambda$3: [Start] Install XCUITest runner on 9677B8E8-CD67-4561-89DF-17BFD99309CC
00:37:02.079 [ INFO] xcuitest.installer.LocalXCTestInstaller.xcTestDriverStatusCheck: [Start] Perform XCUITest driver status check on 9677B8E8-CD67-4561-89DF-17BFD99309CC
00:37:02.079 [ INFO] xcuitest.installer.LocalXCTestInstaller.xcTestDriverStatusCheck: [Failed] Perform XCUITest driver status check on 9677B8E8-CD67-4561-89DF-17BFD99309CC, exception: java.net.ConnectException: Failed to connect to /127.0.0.1:7001
00:37:02.079 [ INFO] xcuitest.installer.IOSBuildProductsExtractor.extract: [Start] Writing build products
00:37:02.112 [ INFO] xcuitest.installer.IOSBuildProductsExtractor.extract: [Done] Writing build products
00:37:02.112 [ INFO] xcuitest.installer.IOSBuildProductsExtractor.extract: [Start] Writing maestro-driver-iosUITests-Runner app
00:37:02.234 [ INFO] xcuitest.installer.IOSBuildProductsExtractor.extract: [Done] Writing maestro-driver-iosUITests-Runner app
00:37:02.234 [ INFO] xcuitest.installer.IOSBuildProductsExtractor.extract: [Start] Writing maestro-driver-ios app
00:37:02.238 [ INFO] xcuitest.installer.IOSBuildProductsExtractor.extract: [Done] Writing maestro-driver-ios app
00:37:02.239 [ INFO] xcuitest.installer.LocalXCTestInstaller.startXCTestRunner: Installing driver with xcodebuild
00:37:02.240 [ INFO] xcuitest.installer.LocalXCTestInstaller.startXCTestRunner: [Start] Running XcUITest with `xcodebuild test-without-building` with 7001 and config: IOSDriverConfig(prebuiltRunner=false, sourceDirectory=driver-iPhoneSimulator, context=CLI, snapshotKeyHonorModalViews=null)
00:37:02.241 [ INFO] util.CommandLineUtils.runCommand: Running command line operation: [xcodebuild, test-without-building, -xctestrun, /var/folders/rt/8_hh9gmj43x4763f7_l_nk3c0000gn/T/9677B8E8-CD67-4561-89DF-17BFD99309CC14123947637308412654/maestro-driver-ios-config.xctestrun, -destination, id=9677B8E8-CD67-4561-89DF-17BFD99309CC, -derivedDataPath, /var/folders/rt/8_hh9gmj43x4763f7_l_nk3c0000gn/T/maestro_xctestrunner_xcodebuild_output3810575311780842856] with {TEST_RUNNER_PORT=7001}
00:37:02.245 [ INFO] xcuitest.installer.LocalXCTestInstaller.startXCTestRunner: [Done] Running XcUITest with `xcodebuild test-without-building`
00:37:02.245 [ INFO] xcuitest.installer.LocalXCTestInstaller.start$lambda$3: [Done] Install XCUITest runner on 9677B8E8-CD67-4561-89DF-17BFD99309CC
00:37:02.245 [ INFO] xcuitest.installer.LocalXCTestInstaller.xcTestDriverStatusCheck: [Start] Perform XCUITest driver status check on 9677B8E8-CD67-4561-89DF-17BFD99309CC
00:37:02.245 [ INFO] xcuitest.installer.LocalXCTestInstaller.xcTestDriverStatusCheck: [Failed] Perform XCUITest driver status check on 9677B8E8-CD67-4561-89DF-17BFD99309CC, exception: java.net.ConnectException: Failed to connect to /127.0.0.1:7001
00:37:02.750 [ INFO] xcuitest.installer.LocalXCTestInstaller.xcTestDriverStatusCheck: [Start] Perform XCUITest driver status check on 9677B8E8-CD67-4561-89DF-17BFD99309CC
00:37:02.751 [ INFO] xcuitest.installer.LocalXCTestInstaller.xcTestDriverStatusCheck: [Failed] Perform XCUITest driver status check on 9677B8E8-CD67-4561-89DF-17BFD99309CC, exception: java.net.ConnectException: Failed to connect to /127.0.0.1:7001
00:37:03.259 [ INFO] xcuitest.installer.LocalXCTestInstaller.xcTestDriverStatusCheck: [Start] Perform XCUITest driver status check on 9677B8E8-CD67-4561-89DF-17BFD99309CC
00:37:03.259 [ INFO] xcuitest.installer.LocalXCTestInstaller.xcTestDriverStatusCheck: [Failed] Perform XCUITest driver status check on 9677B8E8-CD67-4561-89DF-17BFD99309CC, exception: java.net.ConnectException: Failed to connect to /127.0.0.1:7001
00:37:03.764 [ INFO] xcuitest.installer.LocalXCTestInstaller.xcTestDriverStatusCheck: [Start] Perform XCUITest driver status check on 9677B8E8-CD67-4561-89DF-17BFD99309CC
00:37:03.765 [ INFO] xcuitest.installer.LocalXCTestInstaller.xcTestDriverStatusCheck: [Failed] Perform XCUITest driver status check on 9677B8E8-CD67-4561-89DF-17BFD99309CC, exception: java.net.ConnectException: Failed to connect to /127.0.0.1:7001
00:37:04.268 [ INFO] xcuitest.installer.LocalXCTestInstaller.xcTestDriverStatusCheck: [Start] Perform XCUITest driver status check on 9677B8E8-CD67-4561-89DF-17BFD99309CC
00:37:04.268 [ INFO] xcuitest.installer.LocalXCTestInstaller.xcTestDriverStatusCheck: [Failed] Perform XCUITest driver status check on 9677B8E8-CD67-4561-89DF-17BFD99309CC, exception: java.net.ConnectException: Failed to connect to /127.0.0.1:7001
00:37:04.774 [ INFO] xcuitest.installer.LocalXCTestInstaller.xcTestDriverStatusCheck: [Start] Perform XCUITest driver status check on 9677B8E8-CD67-4561-89DF-17BFD99309CC
00:37:04.775 [ INFO] xcuitest.installer.LocalXCTestInstaller.xcTestDriverStatusCheck: [Failed] Perform XCUITest driver status check on 9677B8E8-CD67-4561-89DF-17BFD99309CC, exception: java.net.ConnectException: Failed to connect to /127.0.0.1:7001
00:37:05.282 [ INFO] xcuitest.installer.LocalXCTestInstaller.xcTestDriverStatusCheck: [Start] Perform XCUITest driver status check on 9677B8E8-CD67-4561-89DF-17BFD99309CC
00:37:05.282 [ INFO] xcuitest.installer.LocalXCTestInstaller.xcTestDriverStatusCheck: [Failed] Perform XCUITest driver status check on 9677B8E8-CD67-4561-89DF-17BFD99309CC, exception: java.net.ConnectException: Failed to connect to /127.0.0.1:7001
00:37:05.789 [ INFO] xcuitest.installer.LocalXCTestInstaller.xcTestDriverStatusCheck: [Start] Perform XCUITest driver status check on 9677B8E8-CD67-4561-89DF-17BFD99309CC
00:37:05.798 [ INFO] xcuitest.installer.LocalXCTestInstaller.xcTestDriverStatusCheck: [Done] Perform XCUITest driver status check on 9677B8E8-CD67-4561-89DF-17BFD99309CC
00:37:05.804 [ INFO] maestro.cli.runner.TestRunner.runSingle$lambda$0: Running flow context-portal-ios-probe.yaml...
00:37:05.813 [ INFO] maestro.Maestro.cachedDeviceInfo_delegate$lambda$0: Getting device info
00:37:05.856 [ INFO] maestro.Maestro.cachedDeviceInfo_delegate$lambda$0: Got device info: DeviceInfo(platform=IOS, widthPixels=1206, heightPixels=2622, widthGrid=402, heightGrid=874)
00:37:05.888 [ INFO] maestro.cli.runner.MaestroCommandRunner.runCommands$lambda$0: Define variables RUNNING
00:37:05.890 [ INFO] maestro.cli.runner.MaestroCommandRunner.runCommands$lambda$11: Define variables metadata CommandMetadata(numberOfRuns=null, evaluatedCommand=MaestroCommand(defineVariablesCommand=DefineVariablesCommand(env={SCREENSHOT_PATH=/Users/justinrich/Projects/rnr-ai-elements/.kb-run-sprint/worktrees/sprint-01-installed-app-cold-boots-on-both-platforms/FIX-F8-1/.tmp/FIX-F8-1/cycle-1/red/10-red-ios-context-probe.png, MAESTRO_FILENAME=context-portal-ios-probe, MAESTRO_DEVICE_UDID=9677B8E8-CD67-4561-89DF-17BFD99309CC, MAESTRO_SHARD_ID=1, MAESTRO_SHARD_INDEX=0}, label=null, optional=false)), logMessages=[], insight=Insight(message=, level=NONE), aiReasoning=null, labeledCommand=null)
00:37:05.890 [ INFO] maestro.cli.runner.MaestroCommandRunner.runCommands$lambda$2: Define variables COMPLETED
00:37:05.891 [ INFO] maestro.cli.runner.MaestroCommandRunner.runCommands$lambda$0: Apply configuration RUNNING
00:37:05.891 [ INFO] maestro.cli.runner.MaestroCommandRunner.runCommands$lambda$11: Apply configuration metadata CommandMetadata(numberOfRuns=null, evaluatedCommand=MaestroCommand(applyConfigurationCommand=ApplyConfigurationCommand(config=MaestroConfig(appId=ai.hackerpug.rnrexample, name=context-portal-ios-probe, tags=[], ext={}, onFlowStart=null, onFlowComplete=null, properties={}), label=null, optional=false)), logMessages=[], insight=Insight(message=, level=NONE), aiReasoning=null, labeledCommand=null)
00:37:05.891 [ INFO] maestro.cli.runner.MaestroCommandRunner.runCommands$lambda$2: Apply configuration COMPLETED
00:37:05.892 [ INFO] maestro.cli.runner.MaestroCommandRunner.runCommands$lambda$0: Launch app "ai.hackerpug.rnrexample" with clear state RUNNING
00:37:05.893 [ INFO] maestro.cli.runner.MaestroCommandRunner.runCommands$lambda$11: Launch app "ai.hackerpug.rnrexample" with clear state metadata CommandMetadata(numberOfRuns=null, evaluatedCommand=MaestroCommand(launchAppCommand=LaunchAppCommand(appId=ai.hackerpug.rnrexample, clearState=true, clearKeychain=null, stopApp=null, permissions=null, launchArguments=null, label=null, optional=false)), logMessages=[], insight=Insight(message=, level=NONE), aiReasoning=null, labeledCommand=null)
00:37:05.893 [ INFO] maestro.Maestro.clearAppState$lambda$5: Clearing app state ai.hackerpug.rnrexample
00:37:05.894 [ INFO] util.LocalSimulatorUtils.clearAppState: Clearing app ai.hackerpug.rnrexample state
00:37:05.894 [ INFO] util.LocalSimulatorUtils.terminate: [Start] Terminating app ai.hackerpug.rnrexample
00:37:05.894 [ INFO] util.CommandLineUtils.runCommand: Running command line operation: [xcrun, simctl, terminate, 9677B8E8-CD67-4561-89DF-17BFD99309CC, ai.hackerpug.rnrexample] with {}
00:37:06.024 [ INFO] util.LocalSimulatorUtils.terminate: [Done] Terminating app ai.hackerpug.rnrexample
00:37:06.410 [ INFO] util.LocalSimulatorUtils.reinstallApp: Copying app binary from /Users/justinrich/Library/Developer/CoreSimulator/Devices/9677B8E8-CD67-4561-89DF-17BFD99309CC/data/Containers/Bundle/Application/6D1695D3-83F1-41C3-BB9D-5D2946CDF613/ai.hackerpug.rnrexample-1788762876843.app to /var/folders/rt/8_hh9gmj43x4763f7_l_nk3c0000gn/T/11220951110636916655/ai.hackerpug.rnrexample-1788763026409.app
00:37:06.553 [ INFO] util.LocalSimulatorUtils.reinstallApp: Reinstalling and launching ai.hackerpug.rnrexample
00:37:06.553 [ INFO] util.CommandLineUtils.runCommand: Running command line operation: [xcrun, simctl, uninstall, 9677B8E8-CD67-4561-89DF-17BFD99309CC, ai.hackerpug.rnrexample] with {}
00:37:06.685 [ INFO] util.CommandLineUtils.runCommand: Running command line operation: [xcrun, simctl, install, 9677B8E8-CD67-4561-89DF-17BFD99309CC, /var/folders/rt/8_hh9gmj43x4763f7_l_nk3c0000gn/T/11220951110636916655/ai.hackerpug.rnrexample-1788763026409.app] with {}
00:37:07.062 [ INFO] util.LocalSimulatorUtils.reinstallApp: App ai.hackerpug.rnrexample reinstalled and launched
00:37:07.063 [ INFO] device.SimctlIOSDevice.setPermissions: [Start] Setting permissions all=allow through applesimutils
00:37:07.064 [ INFO] util.LocalSimulatorUtils.setAppleSimutilsPermissions: [Start] Setting permissions via pinned applesimutils
00:37:07.064 [ INFO] util.CommandLineUtils.runCommand: Running command line operation: [/Users/justinrich/.maestro/deps/applesimutils, --byId, 9677B8E8-CD67-4561-89DF-17BFD99309CC, --bundle, ai.hackerpug.rnrexample, --setPermissions, calendar=YES,camera=YES,contacts=YES,faceid=YES,homekit=YES,medialibrary=YES,microphone=YES,motion=YES,photos=YES,reminders=YES,siri=YES,speech=YES,userTracking=YES] with {}
00:37:07.271 [ INFO] util.LocalSimulatorUtils.setAppleSimutilsPermissions: [Done] Setting permissions pinned applesimutils
00:37:07.271 [ INFO] device.SimctlIOSDevice.setPermissions: [Done] Setting permissions through applesimutils
00:37:07.272 [ INFO] device.SimctlIOSDevice.setPermissions: [Start] Setting Permissions all=allow through simctl
00:37:07.272 [ INFO] util.CommandLineUtils.runCommand: Running command line operation: [xcrun, simctl, privacy, 9677B8E8-CD67-4561-89DF-17BFD99309CC, grant, location-always, ai.hackerpug.rnrexample] with {}
00:37:07.366 [ INFO] device.SimctlIOSDevice.setPermissions: [Done] Setting Permissions all=allow through simctl
00:37:07.378 [ INFO] maestro.Maestro.launchApp$lambda$2: Launching app ai.hackerpug.rnrexample
00:37:07.378 [ INFO] maestro.Maestro.launchApp$lambda$2: Stopping ai.hackerpug.rnrexample app during launch
00:37:07.384 [ INFO] util.CommandLineUtils.runCommand: Running command line operation: [xcrun, simctl, launch, 9677B8E8-CD67-4561-89DF-17BFD99309CC, ai.hackerpug.rnrexample] with {}
00:37:07.553 [ INFO] maestro.cli.runner.MaestroCommandRunner.runCommands$lambda$2: Launch app "ai.hackerpug.rnrexample" with clear state COMPLETED
00:37:07.554 [ INFO] maestro.cli.runner.MaestroCommandRunner.runCommands$lambda$0: Open ai-elements-example://expo-development-client/?url=http%3A%2F%2Flocalhost%3A8081 RUNNING
00:37:07.555 [ INFO] maestro.cli.runner.MaestroCommandRunner.runCommands$lambda$11: Open ai-elements-example://expo-development-client/?url=http%3A%2F%2Flocalhost%3A8081 metadata CommandMetadata(numberOfRuns=null, evaluatedCommand=MaestroCommand(openLinkCommand=OpenLinkCommand(link=ai-elements-example://expo-development-client/?url=http%3A%2F%2Flocalhost%3A8081, autoVerify=false, browser=false, label=null, optional=false)), logMessages=[], insight=Insight(message=, level=NONE), aiReasoning=null, labeledCommand=null)
00:37:07.556 [ INFO] maestro.Maestro.openLink: Opening link ai-elements-example://expo-development-client/?url=http%3A%2F%2Flocalhost%3A8081 for app: ai.hackerpug.rnrexample with autoVerify config as false
00:37:07.556 [ INFO] util.CommandLineUtils.runCommand: Running command line operation: [xcrun, simctl, openurl, 9677B8E8-CD67-4561-89DF-17BFD99309CC, ai-elements-example://expo-development-client/?url=http%3A%2F%2Flocalhost%3A8081] with {}
00:37:08.135 [ INFO] device.IOSDevice.invoke-F9mIFpk: Waiting for animation to end with timeout 3000
00:37:08.573 [ INFO] maestro.cli.runner.MaestroCommandRunner.runCommands$lambda$2: Open ai-elements-example://expo-development-client/?url=http%3A%2F%2Flocalhost%3A8081 COMPLETED
00:37:08.573 [ INFO] maestro.cli.runner.MaestroCommandRunner.runCommands$lambda$0: Tap on point (69%, 56%) RUNNING
00:37:08.575 [ INFO] maestro.cli.runner.MaestroCommandRunner.runCommands$lambda$11: Tap on point (69%, 56%) metadata CommandMetadata(numberOfRuns=null, evaluatedCommand=MaestroCommand(tapOnPointV2Command=TapOnPointV2Command(point=69%, 56%, retryIfNoChange=false, longPress=false, repeat=null, waitToSettleTimeoutMs=null, label=null, optional=false)), logMessages=[], insight=Insight(message=, level=NONE), aiReasoning=null, labeledCommand=null)
00:37:08.586 [ INFO] maestro.Maestro.screenshotBasedTap-ogj28Uc: Try tapping at (277, 489) using hierarchy based logic for wait
00:37:08.860 [ INFO] maestro.cli.runner.MaestroCommandRunner.runCommands$lambda$11: Tap on point (69%, 56%) metadata CommandMetadata(numberOfRuns=null, evaluatedCommand=MaestroCommand(tapOnPointV2Command=TapOnPointV2Command(point=69%, 56%, retryIfNoChange=false, longPress=false, repeat=null, waitToSettleTimeoutMs=null, label=null, optional=false)), logMessages=[], insight=Insight(message=, level=NONE), aiReasoning=null, labeledCommand=null)
00:37:08.863 [TRACE] maestro.utils.ScreenshotUtils.takeScreenshot: Taking screenshot to byte array
00:37:08.863 [TRACE] maestro.utils.ScreenshotUtils.takeScreenshot: Taking screenshot to output sink
00:37:09.375 [ INFO] device.IOSDevice.invoke-F9mIFpk: Waiting for animation to end with timeout 3000
00:37:09.488 [ INFO] maestro.Maestro.screenshotBasedTap-ogj28Uc: Something have changed in the UI judging by view hierarchy. Proceed.
00:37:09.488 [ INFO] maestro.cli.runner.MaestroCommandRunner.runCommands$lambda$2: Tap on point (69%, 56%) COMPLETED
00:37:09.488 [ INFO] maestro.cli.runner.MaestroCommandRunner.runCommands$lambda$0: Assert that id: transcript-message-0 is visible RUNNING
00:37:09.491 [ INFO] maestro.cli.runner.MaestroCommandRunner.runCommands$lambda$11: Assert that id: transcript-message-0 is visible metadata CommandMetadata(numberOfRuns=null, evaluatedCommand=MaestroCommand(assertConditionCommand=AssertConditionCommand(condition=Condition(platform=null, visible=ElementSelector(textRegex=null, idRegex=transcript-message-0, size=null, below=null, above=null, leftOf=null, rightOf=null, containsChild=null, containsDescendants=null, traits=null, index=null, enabled=null, optional=false, selected=null, checked=null, focused=null, childOf=null, css=null), notVisible=null, scriptCondition=null, label=null), timeout=null, label=null, optional=false)), logMessages=[], insight=Insight(message=, level=NONE), aiReasoning=null, labeledCommand=null)
00:37:09.585 [ INFO] maestro.cli.runner.MaestroCommandRunner.runCommands$lambda$11: Assert that id: transcript-message-0 is visible metadata CommandMetadata(numberOfRuns=null, evaluatedCommand=MaestroCommand(assertConditionCommand=AssertConditionCommand(condition=Condition(platform=null, visible=ElementSelector(textRegex=null, idRegex=transcript-message-0, size=null, below=null, above=null, leftOf=null, rightOf=null, containsChild=null, containsDescendants=null, traits=null, index=null, enabled=null, optional=false, selected=null, checked=null, focused=null, childOf=null, css=null), notVisible=null, scriptCondition=null, label=null), timeout=null, label=null, optional=false)), logMessages=[], insight=Insight(message=, level=NONE), aiReasoning=null, labeledCommand=null)
00:37:09.663 [ INFO] maestro.cli.runner.MaestroCommandRunner.runCommands$lambda$11: Assert that id: transcript-message-0 is visible metadata CommandMetadata(numberOfRuns=null, evaluatedCommand=MaestroCommand(assertConditionCommand=AssertConditionCommand(condition=Condition(platform=null, visible=ElementSelector(textRegex=null, idRegex=transcript-message-0, size=null, below=null, above=null, leftOf=null, rightOf=null, containsChild=null, containsDescendants=null, traits=null, index=null, enabled=null, optional=false, selected=null, checked=null, focused=null, childOf=null, css=null), notVisible=null, scriptCondition=null, label=null), timeout=null, label=null, optional=false)), logMessages=[], insight=Insight(message=, level=NONE), aiReasoning=null, labeledCommand=null)
00:37:09.741 [ INFO] maestro.cli.runner.MaestroCommandRunner.runCommands$lambda$11: Assert that id: transcript-message-0 is visible metadata CommandMetadata(numberOfRuns=null, evaluatedCommand=MaestroCommand(assertConditionCommand=AssertConditionCommand(condition=Condition(platform=null, visible=ElementSelector(textRegex=null, idRegex=transcript-message-0, size=null, below=null, above=null, leftOf=null, rightOf=null, containsChild=null, containsDescendants=null, traits=null, index=null, enabled=null, optional=false, selected=null, checked=null, focused=null, childOf=null, css=null), notVisible=null, scriptCondition=null, label=null), timeout=null, label=null, optional=false)), logMessages=[], insight=Insight(message=, level=NONE), aiReasoning=null, labeledCommand=null)
00:37:09.821 [ INFO] maestro.cli.runner.MaestroCommandRunner.runCommands$lambda$11: Assert that id: transcript-message-0 is visible metadata CommandMetadata(numberOfRuns=null, evaluatedCommand=MaestroCommand(assertConditionCommand=AssertConditionCommand(condition=Condition(platform=null, visible=ElementSelector(textRegex=null, idRegex=transcript-message-0, size=null, below=null, above=null, leftOf=null, rightOf=null, containsChild=null, containsDescendants=null, traits=null, index=null, enabled=null, optional=false, selected=null, checked=null, focused=null, childOf=null, css=null), notVisible=null, scriptCondition=null, label=null), timeout=null, label=null, optional=false)), logMessages=[], insight=Insight(message=, level=NONE), aiReasoning=null, labeledCommand=null)
00:37:09.900 [ INFO] maestro.cli.runner.MaestroCommandRunner.runCommands$lambda$11: Assert that id: transcript-message-0 is visible metadata CommandMetadata(numberOfRuns=null, evaluatedCommand=MaestroCommand(assertConditionCommand=AssertConditionCommand(condition=Condition(platform=null, visible=ElementSelector(textRegex=null, idRegex=transcript-message-0, size=null, below=null, above=null, leftOf=null, rightOf=null, containsChild=null, containsDescendants=null, traits=null, index=null, enabled=null, optional=false, selected=null, checked=null, focused=null, childOf=null, css=null), notVisible=null, scriptCondition=null, label=null), timeout=null, label=null, optional=false)), logMessages=[], insight=Insight(message=, level=NONE), aiReasoning=null, labeledCommand=null)
00:37:09.978 [ INFO] maestro.cli.runner.MaestroCommandRunner.runCommands$lambda$11: Assert that id: transcript-message-0 is visible metadata CommandMetadata(numberOfRuns=null, evaluatedCommand=MaestroCommand(assertConditionCommand=AssertConditionCommand(condition=Condition(platform=null, visible=ElementSelector(textRegex=null, idRegex=transcript-message-0, size=null, below=null, above=null, leftOf=null, rightOf=null, containsChild=null, containsDescendants=null, traits=null, index=null, enabled=null, optional=false, selected=null, checked=null, focused=null, childOf=null, css=null), notVisible=null, scriptCondition=null, label=null), timeout=null, label=null, optional=false)), logMessages=[], insight=Insight(message=, level=NONE), aiReasoning=null, labeledCommand=null)
00:37:10.059 [ INFO] maestro.cli.runner.MaestroCommandRunner.runCommands$lambda$11: Assert that id: transcript-message-0 is visible metadata CommandMetadata(numberOfRuns=null, evaluatedCommand=MaestroCommand(assertConditionCommand=AssertConditionCommand(condition=Condition(platform=null, visible=ElementSelector(textRegex=null, idRegex=transcript-message-0, size=null, below=null, above=null, leftOf=null, rightOf=null, containsChild=null, containsDescendants=null, traits=null, index=null, enabled=null, optional=false, selected=null, checked=null, focused=null, childOf=null, css=null), notVisible=null, scriptCondition=null, label=null), timeout=null, label=null, optional=false)), logMessages=[], insight=Insight(message=, level=NONE), aiReasoning=null, labeledCommand=null)
00:37:10.205 [ INFO] maestro.cli.runner.MaestroCommandRunner.runCommands$lambda$11: Assert that id: transcript-message-0 is visible metadata CommandMetadata(numberOfRuns=null, evaluatedCommand=MaestroCommand(assertConditionCommand=AssertConditionCommand(condition=Condition(platform=null, visible=ElementSelector(textRegex=null, idRegex=transcript-message-0, size=null, below=null, above=null, leftOf=null, rightOf=null, containsChild=null, containsDescendants=null, traits=null, index=null, enabled=null, optional=false, selected=null, checked=null, focused=null, childOf=null, css=null), notVisible=null, scriptCondition=null, label=null), timeout=null, label=null, optional=false)), logMessages=[], insight=Insight(message=, level=NONE), aiReasoning=null, labeledCommand=null)
00:37:10.207 [ INFO] maestro.cli.runner.MaestroCommandRunner.runCommands$lambda$2: Assert that id: transcript-message-0 is visible COMPLETED
00:37:10.207 [ INFO] maestro.cli.runner.MaestroCommandRunner.runCommands$lambda$0: Assert that "AI Elements Example" is visible RUNNING
00:37:10.208 [ INFO] maestro.cli.runner.MaestroCommandRunner.runCommands$lambda$11: Assert that "AI Elements Example" is visible metadata CommandMetadata(numberOfRuns=null, evaluatedCommand=MaestroCommand(assertConditionCommand=AssertConditionCommand(condition=Condition(platform=null, visible=ElementSelector(textRegex=AI Elements Example, idRegex=null, size=null, below=null, above=null, leftOf=null, rightOf=null, containsChild=null, containsDescendants=null, traits=null, index=null, enabled=null, optional=false, selected=null, checked=null, focused=null, childOf=null, css=null), notVisible=null, scriptCondition=null, label=null), timeout=null, label=null, optional=false)), logMessages=[], insight=Insight(message=, level=NONE), aiReasoning=null, labeledCommand=null)
00:37:10.296 [ INFO] maestro.cli.runner.MaestroCommandRunner.runCommands$lambda$11: Assert that "AI Elements Example" is visible metadata CommandMetadata(numberOfRuns=null, evaluatedCommand=MaestroCommand(assertConditionCommand=AssertConditionCommand(condition=Condition(platform=null, visible=ElementSelector(textRegex=AI Elements Example, idRegex=null, size=null, below=null, above=null, leftOf=null, rightOf=null, containsChild=null, containsDescendants=null, traits=null, index=null, enabled=null, optional=false, selected=null, checked=null, focused=null, childOf=null, css=null), notVisible=null, scriptCondition=null, label=null), timeout=null, label=null, optional=false)), logMessages=[], insight=Insight(message=, level=NONE), aiReasoning=null, labeledCommand=null)
00:37:10.298 [ INFO] maestro.cli.runner.MaestroCommandRunner.runCommands$lambda$2: Assert that "AI Elements Example" is visible COMPLETED
00:37:10.299 [ INFO] maestro.cli.runner.MaestroCommandRunner.runCommands$lambda$0: Assert that "Registry item installed." is visible RUNNING
00:37:10.299 [ INFO] maestro.cli.runner.MaestroCommandRunner.runCommands$lambda$11: Assert that "Registry item installed." is visible metadata CommandMetadata(numberOfRuns=null, evaluatedCommand=MaestroCommand(assertConditionCommand=AssertConditionCommand(condition=Condition(platform=null, visible=ElementSelector(textRegex=Registry item installed., idRegex=null, size=null, below=null, above=null, leftOf=null, rightOf=null, containsChild=null, containsDescendants=null, traits=null, index=null, enabled=null, optional=false, selected=null, checked=null, focused=null, childOf=null, css=null), notVisible=null, scriptCondition=null, label=null), timeout=null, label=null, optional=false)), logMessages=[], insight=Insight(message=, level=NONE), aiReasoning=null, labeledCommand=null)
00:37:10.388 [ INFO] maestro.cli.runner.MaestroCommandRunner.runCommands$lambda$11: Assert that "Registry item installed." is visible metadata CommandMetadata(numberOfRuns=null, evaluatedCommand=MaestroCommand(assertConditionCommand=AssertConditionCommand(condition=Condition(platform=null, visible=ElementSelector(textRegex=Registry item installed., idRegex=null, size=null, below=null, above=null, leftOf=null, rightOf=null, containsChild=null, containsDescendants=null, traits=null, index=null, enabled=null, optional=false, selected=null, checked=null, focused=null, childOf=null, css=null), notVisible=null, scriptCondition=null, label=null), timeout=null, label=null, optional=false)), logMessages=[], insight=Insight(message=, level=NONE), aiReasoning=null, labeledCommand=null)
00:37:10.390 [ INFO] maestro.cli.runner.MaestroCommandRunner.runCommands$lambda$2: Assert that "Registry item installed." is visible COMPLETED
00:37:10.390 [ INFO] maestro.cli.runner.MaestroCommandRunner.runCommands$lambda$0: Assert that id: app-header is visible RUNNING
00:37:10.391 [ INFO] maestro.cli.runner.MaestroCommandRunner.runCommands$lambda$11: Assert that id: app-header is visible metadata CommandMetadata(numberOfRuns=null, evaluatedCommand=MaestroCommand(assertConditionCommand=AssertConditionCommand(condition=Condition(platform=null, visible=ElementSelector(textRegex=null, idRegex=app-header, size=null, below=null, above=null, leftOf=null, rightOf=null, containsChild=null, containsDescendants=null, traits=null, index=null, enabled=null, optional=false, selected=null, checked=null, focused=null, childOf=null, css=null), notVisible=null, scriptCondition=null, label=null), timeout=null, label=null, optional=false)), logMessages=[], insight=Insight(message=, level=NONE), aiReasoning=null, labeledCommand=null)
00:37:10.476 [ INFO] maestro.cli.runner.MaestroCommandRunner.runCommands$lambda$11: Assert that id: app-header is visible metadata CommandMetadata(numberOfRuns=null, evaluatedCommand=MaestroCommand(assertConditionCommand=AssertConditionCommand(condition=Condition(platform=null, visible=ElementSelector(textRegex=null, idRegex=app-header, size=null, below=null, above=null, leftOf=null, rightOf=null, containsChild=null, containsDescendants=null, traits=null, index=null, enabled=null, optional=false, selected=null, checked=null, focused=null, childOf=null, css=null), notVisible=null, scriptCondition=null, label=null), timeout=null, label=null, optional=false)), logMessages=[], insight=Insight(message=, level=NONE), aiReasoning=null, labeledCommand=null)
00:37:10.477 [ INFO] maestro.cli.runner.MaestroCommandRunner.runCommands$lambda$2: Assert that id: app-header is visible COMPLETED
00:37:10.477 [ INFO] maestro.cli.runner.MaestroCommandRunner.runCommands$lambda$0: Assert that id: tool-badge-completed is visible RUNNING
00:37:10.477 [ INFO] maestro.cli.runner.MaestroCommandRunner.runCommands$lambda$11: Assert that id: tool-badge-completed is visible metadata CommandMetadata(numberOfRuns=null, evaluatedCommand=MaestroCommand(assertConditionCommand=AssertConditionCommand(condition=Condition(platform=null, visible=ElementSelector(textRegex=null, idRegex=tool-badge-completed, size=null, below=null, above=null, leftOf=null, rightOf=null, containsChild=null, containsDescendants=null, traits=null, index=null, enabled=null, optional=false, selected=null, checked=null, focused=null, childOf=null, css=null), notVisible=null, scriptCondition=null, label=null), timeout=null, label=null, optional=false)), logMessages=[], insight=Insight(message=, level=NONE), aiReasoning=null, labeledCommand=null)
00:37:10.567 [ INFO] maestro.cli.runner.MaestroCommandRunner.runCommands$lambda$11: Assert that id: tool-badge-completed is visible metadata CommandMetadata(numberOfRuns=null, evaluatedCommand=MaestroCommand(assertConditionCommand=AssertConditionCommand(condition=Condition(platform=null, visible=ElementSelector(textRegex=null, idRegex=tool-badge-completed, size=null, below=null, above=null, leftOf=null, rightOf=null, containsChild=null, containsDescendants=null, traits=null, index=null, enabled=null, optional=false, selected=null, checked=null, focused=null, childOf=null, css=null), notVisible=null, scriptCondition=null, label=null), timeout=null, label=null, optional=false)), logMessages=[], insight=Insight(message=, level=NONE), aiReasoning=null, labeledCommand=null)
00:37:10.568 [ INFO] maestro.cli.runner.MaestroCommandRunner.runCommands$lambda$2: Assert that id: tool-badge-completed is visible COMPLETED
00:37:10.568 [ INFO] maestro.cli.runner.MaestroCommandRunner.runCommands$lambda$0: Tap on id: context-trigger RUNNING
00:37:10.569 [ INFO] maestro.cli.runner.MaestroCommandRunner.runCommands$lambda$11: Tap on id: context-trigger metadata CommandMetadata(numberOfRuns=null, evaluatedCommand=MaestroCommand(tapOnElementCommand=TapOnElementCommand(selector=ElementSelector(textRegex=null, idRegex=context-trigger, size=null, below=null, above=null, leftOf=null, rightOf=null, containsChild=null, containsDescendants=null, traits=null, index=null, enabled=null, optional=false, selected=null, checked=null, focused=null, childOf=null, css=null), retryIfNoChange=false, waitUntilVisible=false, longPress=false, repeat=null, waitToSettleTimeoutMs=null, relativePoint=null, label=null, optional=false)), logMessages=[], insight=Insight(message=, level=NONE), aiReasoning=null, labeledCommand=null)
00:37:10.652 [ INFO] maestro.cli.runner.MaestroCommandRunner.runCommands$lambda$11: Tap on id: context-trigger metadata CommandMetadata(numberOfRuns=null, evaluatedCommand=MaestroCommand(tapOnElementCommand=TapOnElementCommand(selector=ElementSelector(textRegex=null, idRegex=context-trigger, size=null, below=null, above=null, leftOf=null, rightOf=null, containsChild=null, containsDescendants=null, traits=null, index=null, enabled=null, optional=false, selected=null, checked=null, focused=null, childOf=null, css=null), retryIfNoChange=false, waitUntilVisible=false, longPress=false, repeat=null, waitToSettleTimeoutMs=null, relativePoint=null, label=null, optional=false)), logMessages=[], insight=Insight(message=, level=NONE), aiReasoning=null, labeledCommand=null)
00:37:10.654 [ INFO] maestro.Maestro.tap-HgV9Ck0: Tapping on element:  UiElement(treeNode=TreeNode(attributes={accessibilityText=Model context usage, title=, value=, text=, hintText=, resource-id=context-trigger, bounds=[16,762][36,782], enabled=true, focused=false, selected=false, checked=false}, children=[], clickable=null, enabled=true, focused=false, checked=false, selected=false), bounds=Bounds(x=16, y=762, width=20, height=20))
00:37:10.654 [ INFO] device.IOSDevice.invoke-F9mIFpk: Waiting for animation to end with timeout 3000
00:37:10.763 [ INFO] maestro.Maestro.tap-HgV9Ck0: Refreshed element
00:37:10.763 [ INFO] maestro.Maestro.screenshotBasedTap-ogj28Uc: Try tapping at (26, 772) using hierarchy based logic for wait
00:37:10.764 [TRACE] maestro.utils.ScreenshotUtils.takeScreenshot: Taking screenshot to byte array
00:37:10.764 [TRACE] maestro.utils.ScreenshotUtils.takeScreenshot: Taking screenshot to output sink
00:37:11.172 [ INFO] device.IOSDevice.invoke-F9mIFpk: Waiting for animation to end with timeout 3000
00:37:11.282 [ INFO] maestro.Maestro.screenshotBasedTap-ogj28Uc: Something have changed in the UI judging by view hierarchy. Proceed.
00:37:11.282 [ INFO] maestro.cli.runner.MaestroCommandRunner.runCommands$lambda$2: Tap on id: context-trigger COMPLETED
00:37:11.282 [ INFO] maestro.cli.runner.MaestroCommandRunner.runCommands$lambda$0: Assert that id: context-popover-content is visible RUNNING
00:37:11.283 [ INFO] maestro.cli.runner.MaestroCommandRunner.runCommands$lambda$11: Assert that id: context-popover-content is visible metadata CommandMetadata(numberOfRuns=null, evaluatedCommand=MaestroCommand(assertConditionCommand=AssertConditionCommand(condition=Condition(platform=null, visible=ElementSelector(textRegex=null, idRegex=context-popover-content, size=null, below=null, above=null, leftOf=null, rightOf=null, containsChild=null, containsDescendants=null, traits=null, index=null, enabled=null, optional=false, selected=null, checked=null, focused=null, childOf=null, css=null), notVisible=null, scriptCondition=null, label=null), timeout=null, label=null, optional=false)), logMessages=[], insight=Insight(message=, level=NONE), aiReasoning=null, labeledCommand=null)
00:37:11.392 [ INFO] maestro.cli.runner.MaestroCommandRunner.runCommands$lambda$11: Assert that id: context-popover-content is visible metadata CommandMetadata(numberOfRuns=null, evaluatedCommand=MaestroCommand(assertConditionCommand=AssertConditionCommand(condition=Condition(platform=null, visible=ElementSelector(textRegex=null, idRegex=context-popover-content, size=null, below=null, above=null, leftOf=null, rightOf=null, containsChild=null, containsDescendants=null, traits=null, index=null, enabled=null, optional=false, selected=null, checked=null, focused=null, childOf=null, css=null), notVisible=null, scriptCondition=null, label=null), timeout=null, label=null, optional=false)), logMessages=[], insight=Insight(message=, level=NONE), aiReasoning=null, labeledCommand=null)
00:37:11.495 [ INFO] maestro.cli.runner.MaestroCommandRunner.runCommands$lambda$11: Assert that id: context-popover-content is visible metadata CommandMetadata(numberOfRuns=null, evaluatedCommand=MaestroCommand(assertConditionCommand=AssertConditionCommand(condition=Condition(platform=null, visible=ElementSelector(textRegex=null, idRegex=context-popover-content, size=null, below=null, above=null, leftOf=null, rightOf=null, containsChild=null, containsDescendants=null, traits=null, index=null, enabled=null, optional=false, selected=null, checked=null, focused=null, childOf=null, css=null), notVisible=null, scriptCondition=null, label=null), timeout=null, label=null, optional=false)), logMessages=[], insight=Insight(message=, level=NONE), aiReasoning=null, labeledCommand=null)
00:37:11.602 [ INFO] maestro.cli.runner.MaestroCommandRunner.runCommands$lambda$11: Assert that id: context-popover-content is visible metadata CommandMetadata(numberOfRuns=null, evaluatedCommand=MaestroCommand(assertConditionCommand=AssertConditionCommand(condition=Condition(platform=null, visible=ElementSelector(textRegex=null, idRegex=context-popover-content, size=null, below=null, above=null, leftOf=null, rightOf=null, containsChild=null, containsDescendants=null, traits=null, index=null, enabled=null, optional=false, selected=null, checked=null, focused=null, childOf=null, css=null), notVisible=null, scriptCondition=null, label=null), timeout=null, label=null, optional=false)), logMessages=[], insight=Insight(message=, level=NONE), aiReasoning=null, labeledCommand=null)
00:37:11.703 [ INFO] maestro.cli.runner.MaestroCommandRunner.runCommands$lambda$11: Assert that id: context-popover-content is visible metadata CommandMetadata(numberOfRuns=null, evaluatedCommand=MaestroCommand(assertConditionCommand=AssertConditionCommand(condition=Condition(platform=null, visible=ElementSelector(textRegex=null, idRegex=context-popover-content, size=null, below=null, above=null, leftOf=null, rightOf=null, containsChild=null, containsDescendants=null, traits=null, index=null, enabled=null, optional=false, selected=null, checked=null, focused=null, childOf=null, css=null), notVisible=null, scriptCondition=null, label=null), timeout=null, label=null, optional=false)), logMessages=[], insight=Insight(message=, level=NONE), aiReasoning=null, labeledCommand=null)
00:37:11.807 [ INFO] maestro.cli.runner.MaestroCommandRunner.runCommands$lambda$11: Assert that id: context-popover-content is visible metadata CommandMetadata(numberOfRuns=null, evaluatedCommand=MaestroCommand(assertConditionCommand=AssertConditionCommand(condition=Condition(platform=null, visible=ElementSelector(textRegex=null, idRegex=context-popover-content, size=null, below=null, above=null, leftOf=null, rightOf=null, containsChild=null, containsDescendants=null, traits=null, index=null, enabled=null, optional=false, selected=null, checked=null, focused=null, childOf=null, css=null), notVisible=null, scriptCondition=null, label=null), timeout=null, label=null, optional=false)), logMessages=[], insight=Insight(message=, level=NONE), aiReasoning=null, labeledCommand=null)
00:37:11.912 [ INFO] maestro.cli.runner.MaestroCommandRunner.runCommands$lambda$11: Assert that id: context-popover-content is visible metadata CommandMetadata(numberOfRuns=null, evaluatedCommand=MaestroCommand(assertConditionCommand=AssertConditionCommand(condition=Condition(platform=null, visible=ElementSelector(textRegex=null, idRegex=context-popover-content, size=null, below=null, above=null, leftOf=null, rightOf=null, containsChild=null, containsDescendants=null, traits=null, index=null, enabled=null, optional=false, selected=null, checked=null, focused=null, childOf=null, css=null), notVisible=null, scriptCondition=null, label=null), timeout=null, label=null, optional=false)), logMessages=[], insight=Insight(message=, level=NONE), aiReasoning=null, labeledCommand=null)
00:37:12.016 [ INFO] maestro.cli.runner.MaestroCommandRunner.runCommands$lambda$11: Assert that id: context-popover-content is visible metadata CommandMetadata(numberOfRuns=null, evaluatedCommand=MaestroCommand(assertConditionCommand=AssertConditionCommand(condition=Condition(platform=null, visible=ElementSelector(textRegex=null, idRegex=context-popover-content, size=null, below=null, above=null, leftOf=null, rightOf=null, containsChild=null, containsDescendants=null, traits=null, index=null, enabled=null, optional=false, selected=null, checked=null, focused=null, childOf=null, css=null), notVisible=null, scriptCondition=null, label=null), timeout=null, label=null, optional=false)), logMessages=[], insight=Insight(message=, level=NONE), aiReasoning=null, labeledCommand=null)
00:37:12.126 [ INFO] maestro.cli.runner.MaestroCommandRunner.runCommands$lambda$11: Assert that id: context-popover-content is visible metadata CommandMetadata(numberOfRuns=null, evaluatedCommand=MaestroCommand(assertConditionCommand=AssertConditionCommand(condition=Condition(platform=null, visible=ElementSelector(textRegex=null, idRegex=context-popover-content, size=null, below=null, above=null, leftOf=null, rightOf=null, containsChild=null, containsDescendants=null, traits=null, index=null, enabled=null, optional=false, selected=null, checked=null, focused=null, childOf=null, css=null), notVisible=null, scriptCondition=null, label=null), timeout=null, label=null, optional=false)), logMessages=[], insight=Insight(message=, level=NONE), aiReasoning=null, labeledCommand=null)
00:37:12.235 [ INFO] maestro.cli.runner.MaestroCommandRunner.runCommands$lambda$11: Assert that id: context-popover-content is visible metadata CommandMetadata(numberOfRuns=null, evaluatedCommand=MaestroCommand(assertConditionCommand=AssertConditionCommand(condition=Condition(platform=null, visible=ElementSelector(textRegex=null, idRegex=context-popover-content, size=null, below=null, above=null, leftOf=null, rightOf=null, containsChild=null, containsDescendants=null, traits=null, index=null, enabled=null, optional=false, selected=null, checked=null, focused=null, childOf=null, css=null), notVisible=null, scriptCondition=null, label=null), timeout=null, label=null, optional=false)), logMessages=[], insight=Insight(message=, level=NONE), aiReasoning=null, labeledCommand=null)
00:37:12.344 [ INFO] maestro.cli.runner.MaestroCommandRunner.runCommands$lambda$11: Assert that id: context-popover-content is visible metadata CommandMetadata(numberOfRuns=null, evaluatedCommand=MaestroCommand(assertConditionCommand=AssertConditionCommand(condition=Condition(platform=null, visible=ElementSelector(textRegex=null, idRegex=context-popover-content, size=null, below=null, above=null, leftOf=null, rightOf=null, containsChild=null, containsDescendants=null, traits=null, index=null, enabled=null, optional=false, selected=null, checked=null, focused=null, childOf=null, css=null), notVisible=null, scriptCondition=null, label=null), timeout=null, label=null, optional=false)), logMessages=[], insight=Insight(message=, level=NONE), aiReasoning=null, labeledCommand=null)
00:37:12.448 [ INFO] maestro.cli.runner.MaestroCommandRunner.runCommands$lambda$11: Assert that id: context-popover-content is visible metadata CommandMetadata(numberOfRuns=null, evaluatedCommand=MaestroCommand(assertConditionCommand=AssertConditionCommand(condition=Condition(platform=null, visible=ElementSelector(textRegex=null, idRegex=context-popover-content, size=null, below=null, above=null, leftOf=null, rightOf=null, containsChild=null, containsDescendants=null, traits=null, index=null, enabled=null, optional=false, selected=null, checked=null, focused=null, childOf=null, css=null), notVisible=null, scriptCondition=null, label=null), timeout=null, label=null, optional=false)), logMessages=[], insight=Insight(message=, level=NONE), aiReasoning=null, labeledCommand=null)
00:37:12.560 [ INFO] maestro.cli.runner.MaestroCommandRunner.runCommands$lambda$11: Assert that id: context-popover-content is visible metadata CommandMetadata(numberOfRuns=null, evaluatedCommand=MaestroCommand(assertConditionCommand=AssertConditionCommand(condition=Condition(platform=null, visible=ElementSelector(textRegex=null, idRegex=context-popover-content, size=null, below=null, above=null, leftOf=null, rightOf=null, containsChild=null, containsDescendants=null, traits=null, index=null, enabled=null, optional=false, selected=null, checked=null, focused=null, childOf=null, css=null), notVisible=null, scriptCondition=null, label=null), timeout=null, label=null, optional=false)), logMessages=[], insight=Insight(message=, level=NONE), aiReasoning=null, labeledCommand=null)
00:37:12.676 [ INFO] maestro.cli.runner.MaestroCommandRunner.runCommands$lambda$11: Assert that id: context-popover-content is visible metadata CommandMetadata(numberOfRuns=null, evaluatedCommand=MaestroCommand(assertConditionCommand=AssertConditionCommand(condition=Condition(platform=null, visible=ElementSelector(textRegex=null, idRegex=context-popover-content, size=null, below=null, above=null, leftOf=null, rightOf=null, containsChild=null, containsDescendants=null, traits=null, index=null, enabled=null, optional=false, selected=null, checked=null, focused=null, childOf=null, css=null), notVisible=null, scriptCondition=null, label=null), timeout=null, label=null, optional=false)), logMessages=[], insight=Insight(message=, level=NONE), aiReasoning=null, labeledCommand=null)
00:37:12.787 [ INFO] maestro.cli.runner.MaestroCommandRunner.runCommands$lambda$11: Assert that id: context-popover-content is visible metadata CommandMetadata(numberOfRuns=null, evaluatedCommand=MaestroCommand(assertConditionCommand=AssertConditionCommand(condition=Condition(platform=null, visible=ElementSelector(textRegex=null, idRegex=context-popover-content, size=null, below=null, above=null, leftOf=null, rightOf=null, containsChild=null, containsDescendants=null, traits=null, index=null, enabled=null, optional=false, selected=null, checked=null, focused=null, childOf=null, css=null), notVisible=null, scriptCondition=null, label=null), timeout=null, label=null, optional=false)), logMessages=[], insight=Insight(message=, level=NONE), aiReasoning=null, labeledCommand=null)
00:37:12.893 [ INFO] maestro.cli.runner.MaestroCommandRunner.runCommands$lambda$11: Assert that id: context-popover-content is visible metadata CommandMetadata(numberOfRuns=null, evaluatedCommand=MaestroCommand(assertConditionCommand=AssertConditionCommand(condition=Condition(platform=null, visible=ElementSelector(textRegex=null, idRegex=context-popover-content, size=null, below=null, above=null, leftOf=null, rightOf=null, containsChild=null, containsDescendants=null, traits=null, index=null, enabled=null, optional=false, selected=null, checked=null, focused=null, childOf=null, css=null), notVisible=null, scriptCondition=null, label=null), timeout=null, label=null, optional=false)), logMessages=[], insight=Insight(message=, level=NONE), aiReasoning=null, labeledCommand=null)
00:37:12.997 [ INFO] maestro.cli.runner.MaestroCommandRunner.runCommands$lambda$11: Assert that id: context-popover-content is visible metadata CommandMetadata(numberOfRuns=null, evaluatedCommand=MaestroCommand(assertConditionCommand=AssertConditionCommand(condition=Condition(platform=null, visible=ElementSelector(textRegex=null, idRegex=context-popover-content, size=null, below=null, above=null, leftOf=null, rightOf=null, containsChild=null, containsDescendants=null, traits=null, index=null, enabled=null, optional=false, selected=null, checked=null, focused=null, childOf=null, css=null), notVisible=null, scriptCondition=null, label=null), timeout=null, label=null, optional=false)), logMessages=[], insight=Insight(message=, level=NONE), aiReasoning=null, labeledCommand=null)
00:37:13.106 [ INFO] maestro.cli.runner.MaestroCommandRunner.runCommands$lambda$11: Assert that id: context-popover-content is visible metadata CommandMetadata(numberOfRuns=null, evaluatedCommand=MaestroCommand(assertConditionCommand=AssertConditionCommand(condition=Condition(platform=null, visible=ElementSelector(textRegex=null, idRegex=context-popover-content, size=null, below=null, above=null, leftOf=null, rightOf=null, containsChild=null, containsDescendants=null, traits=null, index=null, enabled=null, optional=false, selected=null, checked=null, focused=null, childOf=null, css=null), notVisible=null, scriptCondition=null, label=null), timeout=null, label=null, optional=false)), logMessages=[], insight=Insight(message=, level=NONE), aiReasoning=null, labeledCommand=null)
00:37:13.219 [ INFO] maestro.cli.runner.MaestroCommandRunner.runCommands$lambda$11: Assert that id: context-popover-content is visible metadata CommandMetadata(numberOfRuns=null, evaluatedCommand=MaestroCommand(assertConditionCommand=AssertConditionCommand(condition=Condition(platform=null, visible=ElementSelector(textRegex=null, idRegex=context-popover-content, size=null, below=null, above=null, leftOf=null, rightOf=null, containsChild=null, containsDescendants=null, traits=null, index=null, enabled=null, optional=false, selected=null, checked=null, focused=null, childOf=null, css=null), notVisible=null, scriptCondition=null, label=null), timeout=null, label=null, optional=false)), logMessages=[], insight=Insight(message=, level=NONE), aiReasoning=null, labeledCommand=null)
00:37:13.333 [ INFO] maestro.cli.runner.MaestroCommandRunner.runCommands$lambda$11: Assert that id: context-popover-content is visible metadata CommandMetadata(numberOfRuns=null, evaluatedCommand=MaestroCommand(assertConditionCommand=AssertConditionCommand(condition=Condition(platform=null, visible=ElementSelector(textRegex=null, idRegex=context-popover-content, size=null, below=null, above=null, leftOf=null, rightOf=null, containsChild=null, containsDescendants=null, traits=null, index=null, enabled=null, optional=false, selected=null, checked=null, focused=null, childOf=null, css=null), notVisible=null, scriptCondition=null, label=null), timeout=null, label=null, optional=false)), logMessages=[], insight=Insight(message=, level=NONE), aiReasoning=null, labeledCommand=null)
00:37:13.443 [ INFO] maestro.cli.runner.MaestroCommandRunner.runCommands$lambda$11: Assert that id: context-popover-content is visible metadata CommandMetadata(numberOfRuns=null, evaluatedCommand=MaestroCommand(assertConditionCommand=AssertConditionCommand(condition=Condition(platform=null, visible=ElementSelector(textRegex=null, idRegex=context-popover-content, size=null, below=null, above=null, leftOf=null, rightOf=null, containsChild=null, containsDescendants=null, traits=null, index=null, enabled=null, optional=false, selected=null, checked=null, focused=null, childOf=null, css=null), notVisible=null, scriptCondition=null, label=null), timeout=null, label=null, optional=false)), logMessages=[], insight=Insight(message=, level=NONE), aiReasoning=null, labeledCommand=null)
00:37:13.560 [ INFO] maestro.cli.runner.MaestroCommandRunner.runCommands$lambda$11: Assert that id: context-popover-content is visible metadata CommandMetadata(numberOfRuns=null, evaluatedCommand=MaestroCommand(assertConditionCommand=AssertConditionCommand(condition=Condition(platform=null, visible=ElementSelector(textRegex=null, idRegex=context-popover-content, size=null, below=null, above=null, leftOf=null, rightOf=null, containsChild=null, containsDescendants=null, traits=null, index=null, enabled=null, optional=false, selected=null, checked=null, focused=null, childOf=null, css=null), notVisible=null, scriptCondition=null, label=null), timeout=null, label=null, optional=false)), logMessages=[], insight=Insight(message=, level=NONE), aiReasoning=null, labeledCommand=null)
00:37:13.672 [ INFO] maestro.cli.runner.MaestroCommandRunner.runCommands$lambda$11: Assert that id: context-popover-content is visible metadata CommandMetadata(numberOfRuns=null, evaluatedCommand=MaestroCommand(assertConditionCommand=AssertConditionCommand(condition=Condition(platform=null, visible=ElementSelector(textRegex=null, idRegex=context-popover-content, size=null, below=null, above=null, leftOf=null, rightOf=null, containsChild=null, containsDescendants=null, traits=null, index=null, enabled=null, optional=false, selected=null, checked=null, focused=null, childOf=null, css=null), notVisible=null, scriptCondition=null, label=null), timeout=null, label=null, optional=false)), logMessages=[], insight=Insight(message=, level=NONE), aiReasoning=null, labeledCommand=null)
00:37:13.784 [ INFO] maestro.cli.runner.MaestroCommandRunner.runCommands$lambda$11: Assert that id: context-popover-content is visible metadata CommandMetadata(numberOfRuns=null, evaluatedCommand=MaestroCommand(assertConditionCommand=AssertConditionCommand(condition=Condition(platform=null, visible=ElementSelector(textRegex=null, idRegex=context-popover-content, size=null, below=null, above=null, leftOf=null, rightOf=null, containsChild=null, containsDescendants=null, traits=null, index=null, enabled=null, optional=false, selected=null, checked=null, focused=null, childOf=null, css=null), notVisible=null, scriptCondition=null, label=null), timeout=null, label=null, optional=false)), logMessages=[], insight=Insight(message=, level=NONE), aiReasoning=null, labeledCommand=null)
00:37:13.888 [ INFO] maestro.cli.runner.MaestroCommandRunner.runCommands$lambda$11: Assert that id: context-popover-content is visible metadata CommandMetadata(numberOfRuns=null, evaluatedCommand=MaestroCommand(assertConditionCommand=AssertConditionCommand(condition=Condition(platform=null, visible=ElementSelector(textRegex=null, idRegex=context-popover-content, size=null, below=null, above=null, leftOf=null, rightOf=null, containsChild=null, containsDescendants=null, traits=null, index=null, enabled=null, optional=false, selected=null, checked=null, focused=null, childOf=null, css=null), notVisible=null, scriptCondition=null, label=null), timeout=null, label=null, optional=false)), logMessages=[], insight=Insight(message=, level=NONE), aiReasoning=null, labeledCommand=null)
00:37:13.990 [ INFO] maestro.cli.runner.MaestroCommandRunner.runCommands$lambda$11: Assert that id: context-popover-content is visible metadata CommandMetadata(numberOfRuns=null, evaluatedCommand=MaestroCommand(assertConditionCommand=AssertConditionCommand(condition=Condition(platform=null, visible=ElementSelector(textRegex=null, idRegex=context-popover-content, size=null, below=null, above=null, leftOf=null, rightOf=null, containsChild=null, containsDescendants=null, traits=null, index=null, enabled=null, optional=false, selected=null, checked=null, focused=null, childOf=null, css=null), notVisible=null, scriptCondition=null, label=null), timeout=null, label=null, optional=false)), logMessages=[], insight=Insight(message=, level=NONE), aiReasoning=null, labeledCommand=null)
00:37:14.091 [ INFO] maestro.cli.runner.MaestroCommandRunner.runCommands$lambda$11: Assert that id: context-popover-content is visible metadata CommandMetadata(numberOfRuns=null, evaluatedCommand=MaestroCommand(assertConditionCommand=AssertConditionCommand(condition=Condition(platform=null, visible=ElementSelector(textRegex=null, idRegex=context-popover-content, size=null, below=null, above=null, leftOf=null, rightOf=null, containsChild=null, containsDescendants=null, traits=null, index=null, enabled=null, optional=false, selected=null, checked=null, focused=null, childOf=null, css=null), notVisible=null, scriptCondition=null, label=null), timeout=null, label=null, optional=false)), logMessages=[], insight=Insight(message=, level=NONE), aiReasoning=null, labeledCommand=null)
00:37:14.193 [ INFO] maestro.cli.runner.MaestroCommandRunner.runCommands$lambda$11: Assert that id: context-popover-content is visible metadata CommandMetadata(numberOfRuns=null, evaluatedCommand=MaestroCommand(assertConditionCommand=AssertConditionCommand(condition=Condition(platform=null, visible=ElementSelector(textRegex=null, idRegex=context-popover-content, size=null, below=null, above=null, leftOf=null, rightOf=null, containsChild=null, containsDescendants=null, traits=null, index=null, enabled=null, optional=false, selected=null, checked=null, focused=null, childOf=null, css=null), notVisible=null, scriptCondition=null, label=null), timeout=null, label=null, optional=false)), logMessages=[], insight=Insight(message=, level=NONE), aiReasoning=null, labeledCommand=null)
00:37:14.395 [ INFO] maestro.cli.runner.MaestroCommandRunner.runCommands$lambda$11: Assert that id: context-popover-content is visible metadata CommandMetadata(numberOfRuns=null, evaluatedCommand=MaestroCommand(assertConditionCommand=AssertConditionCommand(condition=Condition(platform=null, visible=ElementSelector(textRegex=null, idRegex=context-popover-content, size=null, below=null, above=null, leftOf=null, rightOf=null, containsChild=null, containsDescendants=null, traits=null, index=null, enabled=null, optional=false, selected=null, checked=null, focused=null, childOf=null, css=null), notVisible=null, scriptCondition=null, label=null), timeout=null, label=null, optional=false)), logMessages=[], insight=Insight(message=, level=NONE), aiReasoning=null, labeledCommand=null)
00:37:14.499 [ INFO] maestro.cli.runner.MaestroCommandRunner.runCommands$lambda$11: Assert that id: context-popover-content is visible metadata CommandMetadata(numberOfRuns=null, evaluatedCommand=MaestroCommand(assertConditionCommand=AssertConditionCommand(condition=Condition(platform=null, visible=ElementSelector(textRegex=null, idRegex=context-popover-content, size=null, below=null, above=null, leftOf=null, rightOf=null, containsChild=null, containsDescendants=null, traits=null, index=null, enabled=null, optional=false, selected=null, checked=null, focused=null, childOf=null, css=null), notVisible=null, scriptCondition=null, label=null), timeout=null, label=null, optional=false)), logMessages=[], insight=Insight(message=, level=NONE), aiReasoning=null, labeledCommand=null)
00:37:14.607 [ INFO] maestro.cli.runner.MaestroCommandRunner.runCommands$lambda$11: Assert that id: context-popover-content is visible metadata CommandMetadata(numberOfRuns=null, evaluatedCommand=MaestroCommand(assertConditionCommand=AssertConditionCommand(condition=Condition(platform=null, visible=ElementSelector(textRegex=null, idRegex=context-popover-content, size=null, below=null, above=null, leftOf=null, rightOf=null, containsChild=null, containsDescendants=null, traits=null, index=null, enabled=null, optional=false, selected=null, checked=null, focused=null, childOf=null, css=null), notVisible=null, scriptCondition=null, label=null), timeout=null, label=null, optional=false)), logMessages=[], insight=Insight(message=, level=NONE), aiReasoning=null, labeledCommand=null)
00:37:14.709 [ INFO] maestro.cli.runner.MaestroCommandRunner.runCommands$lambda$11: Assert that id: context-popover-content is visible metadata CommandMetadata(numberOfRuns=null, evaluatedCommand=MaestroCommand(assertConditionCommand=AssertConditionCommand(condition=Condition(platform=null, visible=ElementSelector(textRegex=null, idRegex=context-popover-content, size=null, below=null, above=null, leftOf=null, rightOf=null, containsChild=null, containsDescendants=null, traits=null, index=null, enabled=null, optional=false, selected=null, checked=null, focused=null, childOf=null, css=null), notVisible=null, scriptCondition=null, label=null), timeout=null, label=null, optional=false)), logMessages=[], insight=Insight(message=, level=NONE), aiReasoning=null, labeledCommand=null)
00:37:14.812 [ INFO] maestro.cli.runner.MaestroCommandRunner.runCommands$lambda$11: Assert that id: context-popover-content is visible metadata CommandMetadata(numberOfRuns=null, evaluatedCommand=MaestroCommand(assertConditionCommand=AssertConditionCommand(condition=Condition(platform=null, visible=ElementSelector(textRegex=null, idRegex=context-popover-content, size=null, below=null, above=null, leftOf=null, rightOf=null, containsChild=null, containsDescendants=null, traits=null, index=null, enabled=null, optional=false, selected=null, checked=null, focused=null, childOf=null, css=null), notVisible=null, scriptCondition=null, label=null), timeout=null, label=null, optional=false)), logMessages=[], insight=Insight(message=, level=NONE), aiReasoning=null, labeledCommand=null)
00:37:14.914 [ INFO] maestro.cli.runner.MaestroCommandRunner.runCommands$lambda$11: Assert that id: context-popover-content is visible metadata CommandMetadata(numberOfRuns=null, evaluatedCommand=MaestroCommand(assertConditionCommand=AssertConditionCommand(condition=Condition(platform=null, visible=ElementSelector(textRegex=null, idRegex=context-popover-content, size=null, below=null, above=null, leftOf=null, rightOf=null, containsChild=null, containsDescendants=null, traits=null, index=null, enabled=null, optional=false, selected=null, checked=null, focused=null, childOf=null, css=null), notVisible=null, scriptCondition=null, label=null), timeout=null, label=null, optional=false)), logMessages=[], insight=Insight(message=, level=NONE), aiReasoning=null, labeledCommand=null)
00:37:15.018 [ INFO] maestro.cli.runner.MaestroCommandRunner.runCommands$lambda$11: Assert that id: context-popover-content is visible metadata CommandMetadata(numberOfRuns=null, evaluatedCommand=MaestroCommand(assertConditionCommand=AssertConditionCommand(condition=Condition(platform=null, visible=ElementSelector(textRegex=null, idRegex=context-popover-content, size=null, below=null, above=null, leftOf=null, rightOf=null, containsChild=null, containsDescendants=null, traits=null, index=null, enabled=null, optional=false, selected=null, checked=null, focused=null, childOf=null, css=null), notVisible=null, scriptCondition=null, label=null), timeout=null, label=null, optional=false)), logMessages=[], insight=Insight(message=, level=NONE), aiReasoning=null, labeledCommand=null)
00:37:15.121 [ INFO] maestro.cli.runner.MaestroCommandRunner.runCommands$lambda$11: Assert that id: context-popover-content is visible metadata CommandMetadata(numberOfRuns=null, evaluatedCommand=MaestroCommand(assertConditionCommand=AssertConditionCommand(condition=Condition(platform=null, visible=ElementSelector(textRegex=null, idRegex=context-popover-content, size=null, below=null, above=null, leftOf=null, rightOf=null, containsChild=null, containsDescendants=null, traits=null, index=null, enabled=null, optional=false, selected=null, checked=null, focused=null, childOf=null, css=null), notVisible=null, scriptCondition=null, label=null), timeout=null, label=null, optional=false)), logMessages=[], insight=Insight(message=, level=NONE), aiReasoning=null, labeledCommand=null)
00:37:15.229 [ INFO] maestro.cli.runner.MaestroCommandRunner.runCommands$lambda$11: Assert that id: context-popover-content is visible metadata CommandMetadata(numberOfRuns=null, evaluatedCommand=MaestroCommand(assertConditionCommand=AssertConditionCommand(condition=Condition(platform=null, visible=ElementSelector(textRegex=null, idRegex=context-popover-content, size=null, below=null, above=null, leftOf=null, rightOf=null, containsChild=null, containsDescendants=null, traits=null, index=null, enabled=null, optional=false, selected=null, checked=null, focused=null, childOf=null, css=null), notVisible=null, scriptCondition=null, label=null), timeout=null, label=null, optional=false)), logMessages=[], insight=Insight(message=, level=NONE), aiReasoning=null, labeledCommand=null)
00:37:15.340 [ INFO] maestro.cli.runner.MaestroCommandRunner.runCommands$lambda$11: Assert that id: context-popover-content is visible metadata CommandMetadata(numberOfRuns=null, evaluatedCommand=MaestroCommand(assertConditionCommand=AssertConditionCommand(condition=Condition(platform=null, visible=ElementSelector(textRegex=null, idRegex=context-popover-content, size=null, below=null, above=null, leftOf=null, rightOf=null, containsChild=null, containsDescendants=null, traits=null, index=null, enabled=null, optional=false, selected=null, checked=null, focused=null, childOf=null, css=null), notVisible=null, scriptCondition=null, label=null), timeout=null, label=null, optional=false)), logMessages=[], insight=Insight(message=, level=NONE), aiReasoning=null, labeledCommand=null)
00:37:15.463 [ INFO] maestro.cli.runner.MaestroCommandRunner.runCommands$lambda$11: Assert that id: context-popover-content is visible metadata CommandMetadata(numberOfRuns=null, evaluatedCommand=MaestroCommand(assertConditionCommand=AssertConditionCommand(condition=Condition(platform=null, visible=ElementSelector(textRegex=null, idRegex=context-popover-content, size=null, below=null, above=null, leftOf=null, rightOf=null, containsChild=null, containsDescendants=null, traits=null, index=null, enabled=null, optional=false, selected=null, checked=null, focused=null, childOf=null, css=null), notVisible=null, scriptCondition=null, label=null), timeout=null, label=null, optional=false)), logMessages=[], insight=Insight(message=, level=NONE), aiReasoning=null, labeledCommand=null)
00:37:15.580 [ INFO] maestro.cli.runner.MaestroCommandRunner.runCommands$lambda$11: Assert that id: context-popover-content is visible metadata CommandMetadata(numberOfRuns=null, evaluatedCommand=MaestroCommand(assertConditionCommand=AssertConditionCommand(condition=Condition(platform=null, visible=ElementSelector(textRegex=null, idRegex=context-popover-content, size=null, below=null, above=null, leftOf=null, rightOf=null, containsChild=null, containsDescendants=null, traits=null, index=null, enabled=null, optional=false, selected=null, checked=null, focused=null, childOf=null, css=null), notVisible=null, scriptCondition=null, label=null), timeout=null, label=null, optional=false)), logMessages=[], insight=Insight(message=, level=NONE), aiReasoning=null, labeledCommand=null)
00:37:15.689 [ INFO] maestro.cli.runner.MaestroCommandRunner.runCommands$lambda$11: Assert that id: context-popover-content is visible metadata CommandMetadata(numberOfRuns=null, evaluatedCommand=MaestroCommand(assertConditionCommand=AssertConditionCommand(condition=Condition(platform=null, visible=ElementSelector(textRegex=null, idRegex=context-popover-content, size=null, below=null, above=null, leftOf=null, rightOf=null, containsChild=null, containsDescendants=null, traits=null, index=null, enabled=null, optional=false, selected=null, checked=null, focused=null, childOf=null, css=null), notVisible=null, scriptCondition=null, label=null), timeout=null, label=null, optional=false)), logMessages=[], insight=Insight(message=, level=NONE), aiReasoning=null, labeledCommand=null)
00:37:15.791 [ INFO] maestro.cli.runner.MaestroCommandRunner.runCommands$lambda$11: Assert that id: context-popover-content is visible metadata CommandMetadata(numberOfRuns=null, evaluatedCommand=MaestroCommand(assertConditionCommand=AssertConditionCommand(condition=Condition(platform=null, visible=ElementSelector(textRegex=null, idRegex=context-popover-content, size=null, below=null, above=null, leftOf=null, rightOf=null, containsChild=null, containsDescendants=null, traits=null, index=null, enabled=null, optional=false, selected=null, checked=null, focused=null, childOf=null, css=null), notVisible=null, scriptCondition=null, label=null), timeout=null, label=null, optional=false)), logMessages=[], insight=Insight(message=, level=NONE), aiReasoning=null, labeledCommand=null)
00:37:15.891 [ INFO] maestro.cli.runner.MaestroCommandRunner.runCommands$lambda$11: Assert that id: context-popover-content is visible metadata CommandMetadata(numberOfRuns=null, evaluatedCommand=MaestroCommand(assertConditionCommand=AssertConditionCommand(condition=Condition(platform=null, visible=ElementSelector(textRegex=null, idRegex=context-popover-content, size=null, below=null, above=null, leftOf=null, rightOf=null, containsChild=null, containsDescendants=null, traits=null, index=null, enabled=null, optional=false, selected=null, checked=null, focused=null, childOf=null, css=null), notVisible=null, scriptCondition=null, label=null), timeout=null, label=null, optional=false)), logMessages=[], insight=Insight(message=, level=NONE), aiReasoning=null, labeledCommand=null)
00:37:15.995 [ INFO] maestro.cli.runner.MaestroCommandRunner.runCommands$lambda$11: Assert that id: context-popover-content is visible metadata CommandMetadata(numberOfRuns=null, evaluatedCommand=MaestroCommand(assertConditionCommand=AssertConditionCommand(condition=Condition(platform=null, visible=ElementSelector(textRegex=null, idRegex=context-popover-content, size=null, below=null, above=null, leftOf=null, rightOf=null, containsChild=null, containsDescendants=null, traits=null, index=null, enabled=null, optional=false, selected=null, checked=null, focused=null, childOf=null, css=null), notVisible=null, scriptCondition=null, label=null), timeout=null, label=null, optional=false)), logMessages=[], insight=Insight(message=, level=NONE), aiReasoning=null, labeledCommand=null)
00:37:16.094 [ INFO] maestro.cli.runner.MaestroCommandRunner.runCommands$lambda$11: Assert that id: context-popover-content is visible metadata CommandMetadata(numberOfRuns=null, evaluatedCommand=MaestroCommand(assertConditionCommand=AssertConditionCommand(condition=Condition(platform=null, visible=ElementSelector(textRegex=null, idRegex=context-popover-content, size=null, below=null, above=null, leftOf=null, rightOf=null, containsChild=null, containsDescendants=null, traits=null, index=null, enabled=null, optional=false, selected=null, checked=null, focused=null, childOf=null, css=null), notVisible=null, scriptCondition=null, label=null), timeout=null, label=null, optional=false)), logMessages=[], insight=Insight(message=, level=NONE), aiReasoning=null, labeledCommand=null)
00:37:16.194 [ INFO] maestro.cli.runner.MaestroCommandRunner.runCommands$lambda$11: Assert that id: context-popover-content is visible metadata CommandMetadata(numberOfRuns=null, evaluatedCommand=MaestroCommand(assertConditionCommand=AssertConditionCommand(condition=Condition(platform=null, visible=ElementSelector(textRegex=null, idRegex=context-popover-content, size=null, below=null, above=null, leftOf=null, rightOf=null, containsChild=null, containsDescendants=null, traits=null, index=null, enabled=null, optional=false, selected=null, checked=null, focused=null, childOf=null, css=null), notVisible=null, scriptCondition=null, label=null), timeout=null, label=null, optional=false)), logMessages=[], insight=Insight(message=, level=NONE), aiReasoning=null, labeledCommand=null)
00:37:16.301 [ INFO] maestro.cli.runner.MaestroCommandRunner.runCommands$lambda$11: Assert that id: context-popover-content is visible metadata CommandMetadata(numberOfRuns=null, evaluatedCommand=MaestroCommand(assertConditionCommand=AssertConditionCommand(condition=Condition(platform=null, visible=ElementSelector(textRegex=null, idRegex=context-popover-content, size=null, below=null, above=null, leftOf=null, rightOf=null, containsChild=null, containsDescendants=null, traits=null, index=null, enabled=null, optional=false, selected=null, checked=null, focused=null, childOf=null, css=null), notVisible=null, scriptCondition=null, label=null), timeout=null, label=null, optional=false)), logMessages=[], insight=Insight(message=, level=NONE), aiReasoning=null, labeledCommand=null)
00:37:16.417 [ INFO] maestro.cli.runner.MaestroCommandRunner.runCommands$lambda$11: Assert that id: context-popover-content is visible metadata CommandMetadata(numberOfRuns=null, evaluatedCommand=MaestroCommand(assertConditionCommand=AssertConditionCommand(condition=Condition(platform=null, visible=ElementSelector(textRegex=null, idRegex=context-popover-content, size=null, below=null, above=null, leftOf=null, rightOf=null, containsChild=null, containsDescendants=null, traits=null, index=null, enabled=null, optional=false, selected=null, checked=null, focused=null, childOf=null, css=null), notVisible=null, scriptCondition=null, label=null), timeout=null, label=null, optional=false)), logMessages=[], insight=Insight(message=, level=NONE), aiReasoning=null, labeledCommand=null)
00:37:16.526 [ INFO] maestro.cli.runner.MaestroCommandRunner.runCommands$lambda$11: Assert that id: context-popover-content is visible metadata CommandMetadata(numberOfRuns=null, evaluatedCommand=MaestroCommand(assertConditionCommand=AssertConditionCommand(condition=Condition(platform=null, visible=ElementSelector(textRegex=null, idRegex=context-popover-content, size=null, below=null, above=null, leftOf=null, rightOf=null, containsChild=null, containsDescendants=null, traits=null, index=null, enabled=null, optional=false, selected=null, checked=null, focused=null, childOf=null, css=null), notVisible=null, scriptCondition=null, label=null), timeout=null, label=null, optional=false)), logMessages=[], insight=Insight(message=, level=NONE), aiReasoning=null, labeledCommand=null)
00:37:16.632 [ INFO] maestro.cli.runner.MaestroCommandRunner.runCommands$lambda$11: Assert that id: context-popover-content is visible metadata CommandMetadata(numberOfRuns=null, evaluatedCommand=MaestroCommand(assertConditionCommand=AssertConditionCommand(condition=Condition(platform=null, visible=ElementSelector(textRegex=null, idRegex=context-popover-content, size=null, below=null, above=null, leftOf=null, rightOf=null, containsChild=null, containsDescendants=null, traits=null, index=null, enabled=null, optional=false, selected=null, checked=null, focused=null, childOf=null, css=null), notVisible=null, scriptCondition=null, label=null), timeout=null, label=null, optional=false)), logMessages=[], insight=Insight(message=, level=NONE), aiReasoning=null, labeledCommand=null)
00:37:16.735 [ INFO] maestro.cli.runner.MaestroCommandRunner.runCommands$lambda$11: Assert that id: context-popover-content is visible metadata CommandMetadata(numberOfRuns=null, evaluatedCommand=MaestroCommand(assertConditionCommand=AssertConditionCommand(condition=Condition(platform=null, visible=ElementSelector(textRegex=null, idRegex=context-popover-content, size=null, below=null, above=null, leftOf=null, rightOf=null, containsChild=null, containsDescendants=null, traits=null, index=null, enabled=null, optional=false, selected=null, checked=null, focused=null, childOf=null, css=null), notVisible=null, scriptCondition=null, label=null), timeout=null, label=null, optional=false)), logMessages=[], insight=Insight(message=, level=NONE), aiReasoning=null, labeledCommand=null)
00:37:16.844 [ INFO] maestro.cli.runner.MaestroCommandRunner.runCommands$lambda$11: Assert that id: context-popover-content is visible metadata CommandMetadata(numberOfRuns=null, evaluatedCommand=MaestroCommand(assertConditionCommand=AssertConditionCommand(condition=Condition(platform=null, visible=ElementSelector(textRegex=null, idRegex=context-popover-content, size=null, below=null, above=null, leftOf=null, rightOf=null, containsChild=null, containsDescendants=null, traits=null, index=null, enabled=null, optional=false, selected=null, checked=null, focused=null, childOf=null, css=null), notVisible=null, scriptCondition=null, label=null), timeout=null, label=null, optional=false)), logMessages=[], insight=Insight(message=, level=NONE), aiReasoning=null, labeledCommand=null)
00:37:16.951 [ INFO] maestro.cli.runner.MaestroCommandRunner.runCommands$lambda$11: Assert that id: context-popover-content is visible metadata CommandMetadata(numberOfRuns=null, evaluatedCommand=MaestroCommand(assertConditionCommand=AssertConditionCommand(condition=Condition(platform=null, visible=ElementSelector(textRegex=null, idRegex=context-popover-content, size=null, below=null, above=null, leftOf=null, rightOf=null, containsChild=null, containsDescendants=null, traits=null, index=null, enabled=null, optional=false, selected=null, checked=null, focused=null, childOf=null, css=null), notVisible=null, scriptCondition=null, label=null), timeout=null, label=null, optional=false)), logMessages=[], insight=Insight(message=, level=NONE), aiReasoning=null, labeledCommand=null)
00:37:17.061 [ INFO] maestro.cli.runner.MaestroCommandRunner.runCommands$lambda$11: Assert that id: context-popover-content is visible metadata CommandMetadata(numberOfRuns=null, evaluatedCommand=MaestroCommand(assertConditionCommand=AssertConditionCommand(condition=Condition(platform=null, visible=ElementSelector(textRegex=null, idRegex=context-popover-content, size=null, below=null, above=null, leftOf=null, rightOf=null, containsChild=null, containsDescendants=null, traits=null, index=null, enabled=null, optional=false, selected=null, checked=null, focused=null, childOf=null, css=null), notVisible=null, scriptCondition=null, label=null), timeout=null, label=null, optional=false)), logMessages=[], insight=Insight(message=, level=NONE), aiReasoning=null, labeledCommand=null)
00:37:17.170 [ INFO] maestro.cli.runner.MaestroCommandRunner.runCommands$lambda$11: Assert that id: context-popover-content is visible metadata CommandMetadata(numberOfRuns=null, evaluatedCommand=MaestroCommand(assertConditionCommand=AssertConditionCommand(condition=Condition(platform=null, visible=ElementSelector(textRegex=null, idRegex=context-popover-content, size=null, below=null, above=null, leftOf=null, rightOf=null, containsChild=null, containsDescendants=null, traits=null, index=null, enabled=null, optional=false, selected=null, checked=null, focused=null, childOf=null, css=null), notVisible=null, scriptCondition=null, label=null), timeout=null, label=null, optional=false)), logMessages=[], insight=Insight(message=, level=NONE), aiReasoning=null, labeledCommand=null)
00:37:17.279 [ INFO] maestro.cli.runner.MaestroCommandRunner.runCommands$lambda$11: Assert that id: context-popover-content is visible metadata CommandMetadata(numberOfRuns=null, evaluatedCommand=MaestroCommand(assertConditionCommand=AssertConditionCommand(condition=Condition(platform=null, visible=ElementSelector(textRegex=null, idRegex=context-popover-content, size=null, below=null, above=null, leftOf=null, rightOf=null, containsChild=null, containsDescendants=null, traits=null, index=null, enabled=null, optional=false, selected=null, checked=null, focused=null, childOf=null, css=null), notVisible=null, scriptCondition=null, label=null), timeout=null, label=null, optional=false)), logMessages=[], insight=Insight(message=, level=NONE), aiReasoning=null, labeledCommand=null)
00:37:17.390 [ INFO] maestro.cli.runner.MaestroCommandRunner.runCommands$lambda$11: Assert that id: context-popover-content is visible metadata CommandMetadata(numberOfRuns=null, evaluatedCommand=MaestroCommand(assertConditionCommand=AssertConditionCommand(condition=Condition(platform=null, visible=ElementSelector(textRegex=null, idRegex=context-popover-content, size=null, below=null, above=null, leftOf=null, rightOf=null, containsChild=null, containsDescendants=null, traits=null, index=null, enabled=null, optional=false, selected=null, checked=null, focused=null, childOf=null, css=null), notVisible=null, scriptCondition=null, label=null), timeout=null, label=null, optional=false)), logMessages=[], insight=Insight(message=, level=NONE), aiReasoning=null, labeledCommand=null)
00:37:17.503 [ INFO] maestro.cli.runner.MaestroCommandRunner.runCommands$lambda$11: Assert that id: context-popover-content is visible metadata CommandMetadata(numberOfRuns=null, evaluatedCommand=MaestroCommand(assertConditionCommand=AssertConditionCommand(condition=Condition(platform=null, visible=ElementSelector(textRegex=null, idRegex=context-popover-content, size=null, below=null, above=null, leftOf=null, rightOf=null, containsChild=null, containsDescendants=null, traits=null, index=null, enabled=null, optional=false, selected=null, checked=null, focused=null, childOf=null, css=null), notVisible=null, scriptCondition=null, label=null), timeout=null, label=null, optional=false)), logMessages=[], insight=Insight(message=, level=NONE), aiReasoning=null, labeledCommand=null)
00:37:17.620 [ INFO] maestro.cli.runner.MaestroCommandRunner.runCommands$lambda$11: Assert that id: context-popover-content is visible metadata CommandMetadata(numberOfRuns=null, evaluatedCommand=MaestroCommand(assertConditionCommand=AssertConditionCommand(condition=Condition(platform=null, visible=ElementSelector(textRegex=null, idRegex=context-popover-content, size=null, below=null, above=null, leftOf=null, rightOf=null, containsChild=null, containsDescendants=null, traits=null, index=null, enabled=null, optional=false, selected=null, checked=null, focused=null, childOf=null, css=null), notVisible=null, scriptCondition=null, label=null), timeout=null, label=null, optional=false)), logMessages=[], insight=Insight(message=, level=NONE), aiReasoning=null, labeledCommand=null)
00:37:17.729 [ INFO] maestro.cli.runner.MaestroCommandRunner.runCommands$lambda$11: Assert that id: context-popover-content is visible metadata CommandMetadata(numberOfRuns=null, evaluatedCommand=MaestroCommand(assertConditionCommand=AssertConditionCommand(condition=Condition(platform=null, visible=ElementSelector(textRegex=null, idRegex=context-popover-content, size=null, below=null, above=null, leftOf=null, rightOf=null, containsChild=null, containsDescendants=null, traits=null, index=null, enabled=null, optional=false, selected=null, checked=null, focused=null, childOf=null, css=null), notVisible=null, scriptCondition=null, label=null), timeout=null, label=null, optional=false)), logMessages=[], insight=Insight(message=, level=NONE), aiReasoning=null, labeledCommand=null)
00:37:17.842 [ INFO] maestro.cli.runner.MaestroCommandRunner.runCommands$lambda$11: Assert that id: context-popover-content is visible metadata CommandMetadata(numberOfRuns=null, evaluatedCommand=MaestroCommand(assertConditionCommand=AssertConditionCommand(condition=Condition(platform=null, visible=ElementSelector(textRegex=null, idRegex=context-popover-content, size=null, below=null, above=null, leftOf=null, rightOf=null, containsChild=null, containsDescendants=null, traits=null, index=null, enabled=null, optional=false, selected=null, checked=null, focused=null, childOf=null, css=null), notVisible=null, scriptCondition=null, label=null), timeout=null, label=null, optional=false)), logMessages=[], insight=Insight(message=, level=NONE), aiReasoning=null, labeledCommand=null)
00:37:17.961 [ INFO] maestro.cli.runner.MaestroCommandRunner.runCommands$lambda$11: Assert that id: context-popover-content is visible metadata CommandMetadata(numberOfRuns=null, evaluatedCommand=MaestroCommand(assertConditionCommand=AssertConditionCommand(condition=Condition(platform=null, visible=ElementSelector(textRegex=null, idRegex=context-popover-content, size=null, below=null, above=null, leftOf=null, rightOf=null, containsChild=null, containsDescendants=null, traits=null, index=null, enabled=null, optional=false, selected=null, checked=null, focused=null, childOf=null, css=null), notVisible=null, scriptCondition=null, label=null), timeout=null, label=null, optional=false)), logMessages=[], insight=Insight(message=, level=NONE), aiReasoning=null, labeledCommand=null)
00:37:18.074 [ INFO] maestro.cli.runner.MaestroCommandRunner.runCommands$lambda$11: Assert that id: context-popover-content is visible metadata CommandMetadata(numberOfRuns=null, evaluatedCommand=MaestroCommand(assertConditionCommand=AssertConditionCommand(condition=Condition(platform=null, visible=ElementSelector(textRegex=null, idRegex=context-popover-content, size=null, below=null, above=null, leftOf=null, rightOf=null, containsChild=null, containsDescendants=null, traits=null, index=null, enabled=null, optional=false, selected=null, checked=null, focused=null, childOf=null, css=null), notVisible=null, scriptCondition=null, label=null), timeout=null, label=null, optional=false)), logMessages=[], insight=Insight(message=, level=NONE), aiReasoning=null, labeledCommand=null)
00:37:18.180 [ INFO] maestro.cli.runner.MaestroCommandRunner.runCommands$lambda$11: Assert that id: context-popover-content is visible metadata CommandMetadata(numberOfRuns=null, evaluatedCommand=MaestroCommand(assertConditionCommand=AssertConditionCommand(condition=Condition(platform=null, visible=ElementSelector(textRegex=null, idRegex=context-popover-content, size=null, below=null, above=null, leftOf=null, rightOf=null, containsChild=null, containsDescendants=null, traits=null, index=null, enabled=null, optional=false, selected=null, checked=null, focused=null, childOf=null, css=null), notVisible=null, scriptCondition=null, label=null), timeout=null, label=null, optional=false)), logMessages=[], insight=Insight(message=, level=NONE), aiReasoning=null, labeledCommand=null)
00:37:18.285 [ INFO] maestro.cli.runner.MaestroCommandRunner.runCommands$lambda$11: Assert that id: context-popover-content is visible metadata CommandMetadata(numberOfRuns=null, evaluatedCommand=MaestroCommand(assertConditionCommand=AssertConditionCommand(condition=Condition(platform=null, visible=ElementSelector(textRegex=null, idRegex=context-popover-content, size=null, below=null, above=null, leftOf=null, rightOf=null, containsChild=null, containsDescendants=null, traits=null, index=null, enabled=null, optional=false, selected=null, checked=null, focused=null, childOf=null, css=null), notVisible=null, scriptCondition=null, label=null), timeout=null, label=null, optional=false)), logMessages=[], insight=Insight(message=, level=NONE), aiReasoning=null, labeledCommand=null)
00:37:18.388 [ INFO] maestro.cli.runner.MaestroCommandRunner.runCommands$lambda$11: Assert that id: context-popover-content is visible metadata CommandMetadata(numberOfRuns=null, evaluatedCommand=MaestroCommand(assertConditionCommand=AssertConditionCommand(condition=Condition(platform=null, visible=ElementSelector(textRegex=null, idRegex=context-popover-content, size=null, below=null, above=null, leftOf=null, rightOf=null, containsChild=null, containsDescendants=null, traits=null, index=null, enabled=null, optional=false, selected=null, checked=null, focused=null, childOf=null, css=null), notVisible=null, scriptCondition=null, label=null), timeout=null, label=null, optional=false)), logMessages=[], insight=Insight(message=, level=NONE), aiReasoning=null, labeledCommand=null)
00:37:18.490 [ INFO] maestro.cli.runner.MaestroCommandRunner.runCommands$lambda$11: Assert that id: context-popover-content is visible metadata CommandMetadata(numberOfRuns=null, evaluatedCommand=MaestroCommand(assertConditionCommand=AssertConditionCommand(condition=Condition(platform=null, visible=ElementSelector(textRegex=null, idRegex=context-popover-content, size=null, below=null, above=null, leftOf=null, rightOf=null, containsChild=null, containsDescendants=null, traits=null, index=null, enabled=null, optional=false, selected=null, checked=null, focused=null, childOf=null, css=null), notVisible=null, scriptCondition=null, label=null), timeout=null, label=null, optional=false)), logMessages=[], insight=Insight(message=, level=NONE), aiReasoning=null, labeledCommand=null)
00:37:18.597 [ INFO] maestro.cli.runner.MaestroCommandRunner.runCommands$lambda$11: Assert that id: context-popover-content is visible metadata CommandMetadata(numberOfRuns=null, evaluatedCommand=MaestroCommand(assertConditionCommand=AssertConditionCommand(condition=Condition(platform=null, visible=ElementSelector(textRegex=null, idRegex=context-popover-content, size=null, below=null, above=null, leftOf=null, rightOf=null, containsChild=null, containsDescendants=null, traits=null, index=null, enabled=null, optional=false, selected=null, checked=null, focused=null, childOf=null, css=null), notVisible=null, scriptCondition=null, label=null), timeout=null, label=null, optional=false)), logMessages=[], insight=Insight(message=, level=NONE), aiReasoning=null, labeledCommand=null)
00:37:18.697 [ INFO] maestro.cli.runner.MaestroCommandRunner.runCommands$lambda$11: Assert that id: context-popover-content is visible metadata CommandMetadata(numberOfRuns=null, evaluatedCommand=MaestroCommand(assertConditionCommand=AssertConditionCommand(condition=Condition(platform=null, visible=ElementSelector(textRegex=null, idRegex=context-popover-content, size=null, below=null, above=null, leftOf=null, rightOf=null, containsChild=null, containsDescendants=null, traits=null, index=null, enabled=null, optional=false, selected=null, checked=null, focused=null, childOf=null, css=null), notVisible=null, scriptCondition=null, label=null), timeout=null, label=null, optional=false)), logMessages=[], insight=Insight(message=, level=NONE), aiReasoning=null, labeledCommand=null)
00:37:18.808 [ INFO] maestro.cli.runner.MaestroCommandRunner.runCommands$lambda$11: Assert that id: context-popover-content is visible metadata CommandMetadata(numberOfRuns=null, evaluatedCommand=MaestroCommand(assertConditionCommand=AssertConditionCommand(condition=Condition(platform=null, visible=ElementSelector(textRegex=null, idRegex=context-popover-content, size=null, below=null, above=null, leftOf=null, rightOf=null, containsChild=null, containsDescendants=null, traits=null, index=null, enabled=null, optional=false, selected=null, checked=null, focused=null, childOf=null, css=null), notVisible=null, scriptCondition=null, label=null), timeout=null, label=null, optional=false)), logMessages=[], insight=Insight(message=, level=NONE), aiReasoning=null, labeledCommand=null)
00:37:18.911 [ INFO] maestro.cli.runner.MaestroCommandRunner.runCommands$lambda$11: Assert that id: context-popover-content is visible metadata CommandMetadata(numberOfRuns=null, evaluatedCommand=MaestroCommand(assertConditionCommand=AssertConditionCommand(condition=Condition(platform=null, visible=ElementSelector(textRegex=null, idRegex=context-popover-content, size=null, below=null, above=null, leftOf=null, rightOf=null, containsChild=null, containsDescendants=null, traits=null, index=null, enabled=null, optional=false, selected=null, checked=null, focused=null, childOf=null, css=null), notVisible=null, scriptCondition=null, label=null), timeout=null, label=null, optional=false)), logMessages=[], insight=Insight(message=, level=NONE), aiReasoning=null, labeledCommand=null)
00:37:19.013 [ INFO] maestro.cli.runner.MaestroCommandRunner.runCommands$lambda$11: Assert that id: context-popover-content is visible metadata CommandMetadata(numberOfRuns=null, evaluatedCommand=MaestroCommand(assertConditionCommand=AssertConditionCommand(condition=Condition(platform=null, visible=ElementSelector(textRegex=null, idRegex=context-popover-content, size=null, below=null, above=null, leftOf=null, rightOf=null, containsChild=null, containsDescendants=null, traits=null, index=null, enabled=null, optional=false, selected=null, checked=null, focused=null, childOf=null, css=null), notVisible=null, scriptCondition=null, label=null), timeout=null, label=null, optional=false)), logMessages=[], insight=Insight(message=, level=NONE), aiReasoning=null, labeledCommand=null)
00:37:19.117 [ INFO] maestro.cli.runner.MaestroCommandRunner.runCommands$lambda$11: Assert that id: context-popover-content is visible metadata CommandMetadata(numberOfRuns=null, evaluatedCommand=MaestroCommand(assertConditionCommand=AssertConditionCommand(condition=Condition(platform=null, visible=ElementSelector(textRegex=null, idRegex=context-popover-content, size=null, below=null, above=null, leftOf=null, rightOf=null, containsChild=null, containsDescendants=null, traits=null, index=null, enabled=null, optional=false, selected=null, checked=null, focused=null, childOf=null, css=null), notVisible=null, scriptCondition=null, label=null), timeout=null, label=null, optional=false)), logMessages=[], insight=Insight(message=, level=NONE), aiReasoning=null, labeledCommand=null)
00:37:19.221 [ INFO] maestro.cli.runner.MaestroCommandRunner.runCommands$lambda$11: Assert that id: context-popover-content is visible metadata CommandMetadata(numberOfRuns=null, evaluatedCommand=MaestroCommand(assertConditionCommand=AssertConditionCommand(condition=Condition(platform=null, visible=ElementSelector(textRegex=null, idRegex=context-popover-content, size=null, below=null, above=null, leftOf=null, rightOf=null, containsChild=null, containsDescendants=null, traits=null, index=null, enabled=null, optional=false, selected=null, checked=null, focused=null, childOf=null, css=null), notVisible=null, scriptCondition=null, label=null), timeout=null, label=null, optional=false)), logMessages=[], insight=Insight(message=, level=NONE), aiReasoning=null, labeledCommand=null)
00:37:19.324 [ INFO] maestro.cli.runner.MaestroCommandRunner.runCommands$lambda$11: Assert that id: context-popover-content is visible metadata CommandMetadata(numberOfRuns=null, evaluatedCommand=MaestroCommand(assertConditionCommand=AssertConditionCommand(condition=Condition(platform=null, visible=ElementSelector(textRegex=null, idRegex=context-popover-content, size=null, below=null, above=null, leftOf=null, rightOf=null, containsChild=null, containsDescendants=null, traits=null, index=null, enabled=null, optional=false, selected=null, checked=null, focused=null, childOf=null, css=null), notVisible=null, scriptCondition=null, label=null), timeout=null, label=null, optional=false)), logMessages=[], insight=Insight(message=, level=NONE), aiReasoning=null, labeledCommand=null)
00:37:19.426 [ INFO] maestro.cli.runner.MaestroCommandRunner.runCommands$lambda$11: Assert that id: context-popover-content is visible metadata CommandMetadata(numberOfRuns=null, evaluatedCommand=MaestroCommand(assertConditionCommand=AssertConditionCommand(condition=Condition(platform=null, visible=ElementSelector(textRegex=null, idRegex=context-popover-content, size=null, below=null, above=null, leftOf=null, rightOf=null, containsChild=null, containsDescendants=null, traits=null, index=null, enabled=null, optional=false, selected=null, checked=null, focused=null, childOf=null, css=null), notVisible=null, scriptCondition=null, label=null), timeout=null, label=null, optional=false)), logMessages=[], insight=Insight(message=, level=NONE), aiReasoning=null, labeledCommand=null)
00:37:19.532 [ INFO] maestro.cli.runner.MaestroCommandRunner.runCommands$lambda$11: Assert that id: context-popover-content is visible metadata CommandMetadata(numberOfRuns=null, evaluatedCommand=MaestroCommand(assertConditionCommand=AssertConditionCommand(condition=Condition(platform=null, visible=ElementSelector(textRegex=null, idRegex=context-popover-content, size=null, below=null, above=null, leftOf=null, rightOf=null, containsChild=null, containsDescendants=null, traits=null, index=null, enabled=null, optional=false, selected=null, checked=null, focused=null, childOf=null, css=null), notVisible=null, scriptCondition=null, label=null), timeout=null, label=null, optional=false)), logMessages=[], insight=Insight(message=, level=NONE), aiReasoning=null, labeledCommand=null)
00:37:19.638 [ INFO] maestro.cli.runner.MaestroCommandRunner.runCommands$lambda$11: Assert that id: context-popover-content is visible metadata CommandMetadata(numberOfRuns=null, evaluatedCommand=MaestroCommand(assertConditionCommand=AssertConditionCommand(condition=Condition(platform=null, visible=ElementSelector(textRegex=null, idRegex=context-popover-content, size=null, below=null, above=null, leftOf=null, rightOf=null, containsChild=null, containsDescendants=null, traits=null, index=null, enabled=null, optional=false, selected=null, checked=null, focused=null, childOf=null, css=null), notVisible=null, scriptCondition=null, label=null), timeout=null, label=null, optional=false)), logMessages=[], insight=Insight(message=, level=NONE), aiReasoning=null, labeledCommand=null)
00:37:19.742 [ INFO] maestro.cli.runner.MaestroCommandRunner.runCommands$lambda$11: Assert that id: context-popover-content is visible metadata CommandMetadata(numberOfRuns=null, evaluatedCommand=MaestroCommand(assertConditionCommand=AssertConditionCommand(condition=Condition(platform=null, visible=ElementSelector(textRegex=null, idRegex=context-popover-content, size=null, below=null, above=null, leftOf=null, rightOf=null, containsChild=null, containsDescendants=null, traits=null, index=null, enabled=null, optional=false, selected=null, checked=null, focused=null, childOf=null, css=null), notVisible=null, scriptCondition=null, label=null), timeout=null, label=null, optional=false)), logMessages=[], insight=Insight(message=, level=NONE), aiReasoning=null, labeledCommand=null)
00:37:19.845 [ INFO] maestro.cli.runner.MaestroCommandRunner.runCommands$lambda$11: Assert that id: context-popover-content is visible metadata CommandMetadata(numberOfRuns=null, evaluatedCommand=MaestroCommand(assertConditionCommand=AssertConditionCommand(condition=Condition(platform=null, visible=ElementSelector(textRegex=null, idRegex=context-popover-content, size=null, below=null, above=null, leftOf=null, rightOf=null, containsChild=null, containsDescendants=null, traits=null, index=null, enabled=null, optional=false, selected=null, checked=null, focused=null, childOf=null, css=null), notVisible=null, scriptCondition=null, label=null), timeout=null, label=null, optional=false)), logMessages=[], insight=Insight(message=, level=NONE), aiReasoning=null, labeledCommand=null)
00:37:19.947 [ INFO] maestro.cli.runner.MaestroCommandRunner.runCommands$lambda$11: Assert that id: context-popover-content is visible metadata CommandMetadata(numberOfRuns=null, evaluatedCommand=MaestroCommand(assertConditionCommand=AssertConditionCommand(condition=Condition(platform=null, visible=ElementSelector(textRegex=null, idRegex=context-popover-content, size=null, below=null, above=null, leftOf=null, rightOf=null, containsChild=null, containsDescendants=null, traits=null, index=null, enabled=null, optional=false, selected=null, checked=null, focused=null, childOf=null, css=null), notVisible=null, scriptCondition=null, label=null), timeout=null, label=null, optional=false)), logMessages=[], insight=Insight(message=, level=NONE), aiReasoning=null, labeledCommand=null)
00:37:20.049 [ INFO] maestro.cli.runner.MaestroCommandRunner.runCommands$lambda$11: Assert that id: context-popover-content is visible metadata CommandMetadata(numberOfRuns=null, evaluatedCommand=MaestroCommand(assertConditionCommand=AssertConditionCommand(condition=Condition(platform=null, visible=ElementSelector(textRegex=null, idRegex=context-popover-content, size=null, below=null, above=null, leftOf=null, rightOf=null, containsChild=null, containsDescendants=null, traits=null, index=null, enabled=null, optional=false, selected=null, checked=null, focused=null, childOf=null, css=null), notVisible=null, scriptCondition=null, label=null), timeout=null, label=null, optional=false)), logMessages=[], insight=Insight(message=, level=NONE), aiReasoning=null, labeledCommand=null)
00:37:20.150 [ INFO] maestro.cli.runner.MaestroCommandRunner.runCommands$lambda$11: Assert that id: context-popover-content is visible metadata CommandMetadata(numberOfRuns=null, evaluatedCommand=MaestroCommand(assertConditionCommand=AssertConditionCommand(condition=Condition(platform=null, visible=ElementSelector(textRegex=null, idRegex=context-popover-content, size=null, below=null, above=null, leftOf=null, rightOf=null, containsChild=null, containsDescendants=null, traits=null, index=null, enabled=null, optional=false, selected=null, checked=null, focused=null, childOf=null, css=null), notVisible=null, scriptCondition=null, label=null), timeout=null, label=null, optional=false)), logMessages=[], insight=Insight(message=, level=NONE), aiReasoning=null, labeledCommand=null)
00:37:20.255 [ INFO] maestro.cli.runner.MaestroCommandRunner.runCommands$lambda$11: Assert that id: context-popover-content is visible metadata CommandMetadata(numberOfRuns=null, evaluatedCommand=MaestroCommand(assertConditionCommand=AssertConditionCommand(condition=Condition(platform=null, visible=ElementSelector(textRegex=null, idRegex=context-popover-content, size=null, below=null, above=null, leftOf=null, rightOf=null, containsChild=null, containsDescendants=null, traits=null, index=null, enabled=null, optional=false, selected=null, checked=null, focused=null, childOf=null, css=null), notVisible=null, scriptCondition=null, label=null), timeout=null, label=null, optional=false)), logMessages=[], insight=Insight(message=, level=NONE), aiReasoning=null, labeledCommand=null)
00:37:20.357 [ INFO] maestro.cli.runner.MaestroCommandRunner.runCommands$lambda$11: Assert that id: context-popover-content is visible metadata CommandMetadata(numberOfRuns=null, evaluatedCommand=MaestroCommand(assertConditionCommand=AssertConditionCommand(condition=Condition(platform=null, visible=ElementSelector(textRegex=null, idRegex=context-popover-content, size=null, below=null, above=null, leftOf=null, rightOf=null, containsChild=null, containsDescendants=null, traits=null, index=null, enabled=null, optional=false, selected=null, checked=null, focused=null, childOf=null, css=null), notVisible=null, scriptCondition=null, label=null), timeout=null, label=null, optional=false)), logMessages=[], insight=Insight(message=, level=NONE), aiReasoning=null, labeledCommand=null)
00:37:20.572 [ INFO] maestro.cli.runner.MaestroCommandRunner.runCommands$lambda$11: Assert that id: context-popover-content is visible metadata CommandMetadata(numberOfRuns=null, evaluatedCommand=MaestroCommand(assertConditionCommand=AssertConditionCommand(condition=Condition(platform=null, visible=ElementSelector(textRegex=null, idRegex=context-popover-content, size=null, below=null, above=null, leftOf=null, rightOf=null, containsChild=null, containsDescendants=null, traits=null, index=null, enabled=null, optional=false, selected=null, checked=null, focused=null, childOf=null, css=null), notVisible=null, scriptCondition=null, label=null), timeout=null, label=null, optional=false)), logMessages=[], insight=Insight(message=, level=NONE), aiReasoning=null, labeledCommand=null)
00:37:20.677 [ INFO] maestro.cli.runner.MaestroCommandRunner.runCommands$lambda$11: Assert that id: context-popover-content is visible metadata CommandMetadata(numberOfRuns=null, evaluatedCommand=MaestroCommand(assertConditionCommand=AssertConditionCommand(condition=Condition(platform=null, visible=ElementSelector(textRegex=null, idRegex=context-popover-content, size=null, below=null, above=null, leftOf=null, rightOf=null, containsChild=null, containsDescendants=null, traits=null, index=null, enabled=null, optional=false, selected=null, checked=null, focused=null, childOf=null, css=null), notVisible=null, scriptCondition=null, label=null), timeout=null, label=null, optional=false)), logMessages=[], insight=Insight(message=, level=NONE), aiReasoning=null, labeledCommand=null)
00:37:20.786 [ INFO] maestro.cli.runner.MaestroCommandRunner.runCommands$lambda$11: Assert that id: context-popover-content is visible metadata CommandMetadata(numberOfRuns=null, evaluatedCommand=MaestroCommand(assertConditionCommand=AssertConditionCommand(condition=Condition(platform=null, visible=ElementSelector(textRegex=null, idRegex=context-popover-content, size=null, below=null, above=null, leftOf=null, rightOf=null, containsChild=null, containsDescendants=null, traits=null, index=null, enabled=null, optional=false, selected=null, checked=null, focused=null, childOf=null, css=null), notVisible=null, scriptCondition=null, label=null), timeout=null, label=null, optional=false)), logMessages=[], insight=Insight(message=, level=NONE), aiReasoning=null, labeledCommand=null)
00:37:20.996 [ INFO] maestro.cli.runner.MaestroCommandRunner.runCommands$lambda$11: Assert that id: context-popover-content is visible metadata CommandMetadata(numberOfRuns=null, evaluatedCommand=MaestroCommand(assertConditionCommand=AssertConditionCommand(condition=Condition(platform=null, visible=ElementSelector(textRegex=null, idRegex=context-popover-content, size=null, below=null, above=null, leftOf=null, rightOf=null, containsChild=null, containsDescendants=null, traits=null, index=null, enabled=null, optional=false, selected=null, checked=null, focused=null, childOf=null, css=null), notVisible=null, scriptCondition=null, label=null), timeout=null, label=null, optional=false)), logMessages=[], insight=Insight(message=, level=NONE), aiReasoning=null, labeledCommand=null)
00:37:21.101 [ INFO] maestro.cli.runner.MaestroCommandRunner.runCommands$lambda$11: Assert that id: context-popover-content is visible metadata CommandMetadata(numberOfRuns=null, evaluatedCommand=MaestroCommand(assertConditionCommand=AssertConditionCommand(condition=Condition(platform=null, visible=ElementSelector(textRegex=null, idRegex=context-popover-content, size=null, below=null, above=null, leftOf=null, rightOf=null, containsChild=null, containsDescendants=null, traits=null, index=null, enabled=null, optional=false, selected=null, checked=null, focused=null, childOf=null, css=null), notVisible=null, scriptCondition=null, label=null), timeout=null, label=null, optional=false)), logMessages=[], insight=Insight(message=, level=NONE), aiReasoning=null, labeledCommand=null)
00:37:21.207 [ INFO] maestro.cli.runner.MaestroCommandRunner.runCommands$lambda$11: Assert that id: context-popover-content is visible metadata CommandMetadata(numberOfRuns=null, evaluatedCommand=MaestroCommand(assertConditionCommand=AssertConditionCommand(condition=Condition(platform=null, visible=ElementSelector(textRegex=null, idRegex=context-popover-content, size=null, below=null, above=null, leftOf=null, rightOf=null, containsChild=null, containsDescendants=null, traits=null, index=null, enabled=null, optional=false, selected=null, checked=null, focused=null, childOf=null, css=null), notVisible=null, scriptCondition=null, label=null), timeout=null, label=null, optional=false)), logMessages=[], insight=Insight(message=, level=NONE), aiReasoning=null, labeledCommand=null)
00:37:21.309 [ INFO] maestro.cli.runner.MaestroCommandRunner.runCommands$lambda$11: Assert that id: context-popover-content is visible metadata CommandMetadata(numberOfRuns=null, evaluatedCommand=MaestroCommand(assertConditionCommand=AssertConditionCommand(condition=Condition(platform=null, visible=ElementSelector(textRegex=null, idRegex=context-popover-content, size=null, below=null, above=null, leftOf=null, rightOf=null, containsChild=null, containsDescendants=null, traits=null, index=null, enabled=null, optional=false, selected=null, checked=null, focused=null, childOf=null, css=null), notVisible=null, scriptCondition=null, label=null), timeout=null, label=null, optional=false)), logMessages=[], insight=Insight(message=, level=NONE), aiReasoning=null, labeledCommand=null)
00:37:21.411 [ INFO] maestro.cli.runner.MaestroCommandRunner.runCommands$lambda$11: Assert that id: context-popover-content is visible metadata CommandMetadata(numberOfRuns=null, evaluatedCommand=MaestroCommand(assertConditionCommand=AssertConditionCommand(condition=Condition(platform=null, visible=ElementSelector(textRegex=null, idRegex=context-popover-content, size=null, below=null, above=null, leftOf=null, rightOf=null, containsChild=null, containsDescendants=null, traits=null, index=null, enabled=null, optional=false, selected=null, checked=null, focused=null, childOf=null, css=null), notVisible=null, scriptCondition=null, label=null), timeout=null, label=null, optional=false)), logMessages=[], insight=Insight(message=, level=NONE), aiReasoning=null, labeledCommand=null)
00:37:21.518 [ INFO] maestro.cli.runner.MaestroCommandRunner.runCommands$lambda$11: Assert that id: context-popover-content is visible metadata CommandMetadata(numberOfRuns=null, evaluatedCommand=MaestroCommand(assertConditionCommand=AssertConditionCommand(condition=Condition(platform=null, visible=ElementSelector(textRegex=null, idRegex=context-popover-content, size=null, below=null, above=null, leftOf=null, rightOf=null, containsChild=null, containsDescendants=null, traits=null, index=null, enabled=null, optional=false, selected=null, checked=null, focused=null, childOf=null, css=null), notVisible=null, scriptCondition=null, label=null), timeout=null, label=null, optional=false)), logMessages=[], insight=Insight(message=, level=NONE), aiReasoning=null, labeledCommand=null)
00:37:21.622 [ INFO] maestro.cli.runner.MaestroCommandRunner.runCommands$lambda$11: Assert that id: context-popover-content is visible metadata CommandMetadata(numberOfRuns=null, evaluatedCommand=MaestroCommand(assertConditionCommand=AssertConditionCommand(condition=Condition(platform=null, visible=ElementSelector(textRegex=null, idRegex=context-popover-content, size=null, below=null, above=null, leftOf=null, rightOf=null, containsChild=null, containsDescendants=null, traits=null, index=null, enabled=null, optional=false, selected=null, checked=null, focused=null, childOf=null, css=null), notVisible=null, scriptCondition=null, label=null), timeout=null, label=null, optional=false)), logMessages=[], insight=Insight(message=, level=NONE), aiReasoning=null, labeledCommand=null)
00:37:21.724 [ INFO] maestro.cli.runner.MaestroCommandRunner.runCommands$lambda$11: Assert that id: context-popover-content is visible metadata CommandMetadata(numberOfRuns=null, evaluatedCommand=MaestroCommand(assertConditionCommand=AssertConditionCommand(condition=Condition(platform=null, visible=ElementSelector(textRegex=null, idRegex=context-popover-content, size=null, below=null, above=null, leftOf=null, rightOf=null, containsChild=null, containsDescendants=null, traits=null, index=null, enabled=null, optional=false, selected=null, checked=null, focused=null, childOf=null, css=null), notVisible=null, scriptCondition=null, label=null), timeout=null, label=null, optional=false)), logMessages=[], insight=Insight(message=, level=NONE), aiReasoning=null, labeledCommand=null)
00:37:21.827 [ INFO] maestro.cli.runner.MaestroCommandRunner.runCommands$lambda$11: Assert that id: context-popover-content is visible metadata CommandMetadata(numberOfRuns=null, evaluatedCommand=MaestroCommand(assertConditionCommand=AssertConditionCommand(condition=Condition(platform=null, visible=ElementSelector(textRegex=null, idRegex=context-popover-content, size=null, below=null, above=null, leftOf=null, rightOf=null, containsChild=null, containsDescendants=null, traits=null, index=null, enabled=null, optional=false, selected=null, checked=null, focused=null, childOf=null, css=null), notVisible=null, scriptCondition=null, label=null), timeout=null, label=null, optional=false)), logMessages=[], insight=Insight(message=, level=NONE), aiReasoning=null, labeledCommand=null)
00:37:21.932 [ INFO] maestro.cli.runner.MaestroCommandRunner.runCommands$lambda$11: Assert that id: context-popover-content is visible metadata CommandMetadata(numberOfRuns=null, evaluatedCommand=MaestroCommand(assertConditionCommand=AssertConditionCommand(condition=Condition(platform=null, visible=ElementSelector(textRegex=null, idRegex=context-popover-content, size=null, below=null, above=null, leftOf=null, rightOf=null, containsChild=null, containsDescendants=null, traits=null, index=null, enabled=null, optional=false, selected=null, checked=null, focused=null, childOf=null, css=null), notVisible=null, scriptCondition=null, label=null), timeout=null, label=null, optional=false)), logMessages=[], insight=Insight(message=, level=NONE), aiReasoning=null, labeledCommand=null)
00:37:22.037 [ INFO] maestro.cli.runner.MaestroCommandRunner.runCommands$lambda$11: Assert that id: context-popover-content is visible metadata CommandMetadata(numberOfRuns=null, evaluatedCommand=MaestroCommand(assertConditionCommand=AssertConditionCommand(condition=Condition(platform=null, visible=ElementSelector(textRegex=null, idRegex=context-popover-content, size=null, below=null, above=null, leftOf=null, rightOf=null, containsChild=null, containsDescendants=null, traits=null, index=null, enabled=null, optional=false, selected=null, checked=null, focused=null, childOf=null, css=null), notVisible=null, scriptCondition=null, label=null), timeout=null, label=null, optional=false)), logMessages=[], insight=Insight(message=, level=NONE), aiReasoning=null, labeledCommand=null)
00:37:22.143 [ INFO] maestro.cli.runner.MaestroCommandRunner.runCommands$lambda$11: Assert that id: context-popover-content is visible metadata CommandMetadata(numberOfRuns=null, evaluatedCommand=MaestroCommand(assertConditionCommand=AssertConditionCommand(condition=Condition(platform=null, visible=ElementSelector(textRegex=null, idRegex=context-popover-content, size=null, below=null, above=null, leftOf=null, rightOf=null, containsChild=null, containsDescendants=null, traits=null, index=null, enabled=null, optional=false, selected=null, checked=null, focused=null, childOf=null, css=null), notVisible=null, scriptCondition=null, label=null), timeout=null, label=null, optional=false)), logMessages=[], insight=Insight(message=, level=NONE), aiReasoning=null, labeledCommand=null)
00:37:22.245 [ INFO] maestro.cli.runner.MaestroCommandRunner.runCommands$lambda$11: Assert that id: context-popover-content is visible metadata CommandMetadata(numberOfRuns=null, evaluatedCommand=MaestroCommand(assertConditionCommand=AssertConditionCommand(condition=Condition(platform=null, visible=ElementSelector(textRegex=null, idRegex=context-popover-content, size=null, below=null, above=null, leftOf=null, rightOf=null, containsChild=null, containsDescendants=null, traits=null, index=null, enabled=null, optional=false, selected=null, checked=null, focused=null, childOf=null, css=null), notVisible=null, scriptCondition=null, label=null), timeout=null, label=null, optional=false)), logMessages=[], insight=Insight(message=, level=NONE), aiReasoning=null, labeledCommand=null)
00:37:22.352 [ INFO] maestro.cli.runner.MaestroCommandRunner.runCommands$lambda$11: Assert that id: context-popover-content is visible metadata CommandMetadata(numberOfRuns=null, evaluatedCommand=MaestroCommand(assertConditionCommand=AssertConditionCommand(condition=Condition(platform=null, visible=ElementSelector(textRegex=null, idRegex=context-popover-content, size=null, below=null, above=null, leftOf=null, rightOf=null, containsChild=null, containsDescendants=null, traits=null, index=null, enabled=null, optional=false, selected=null, checked=null, focused=null, childOf=null, css=null), notVisible=null, scriptCondition=null, label=null), timeout=null, label=null, optional=false)), logMessages=[], insight=Insight(message=, level=NONE), aiReasoning=null, labeledCommand=null)
00:37:22.464 [ INFO] maestro.cli.runner.MaestroCommandRunner.runCommands$lambda$11: Assert that id: context-popover-content is visible metadata CommandMetadata(numberOfRuns=null, evaluatedCommand=MaestroCommand(assertConditionCommand=AssertConditionCommand(condition=Condition(platform=null, visible=ElementSelector(textRegex=null, idRegex=context-popover-content, size=null, below=null, above=null, leftOf=null, rightOf=null, containsChild=null, containsDescendants=null, traits=null, index=null, enabled=null, optional=false, selected=null, checked=null, focused=null, childOf=null, css=null), notVisible=null, scriptCondition=null, label=null), timeout=null, label=null, optional=false)), logMessages=[], insight=Insight(message=, level=NONE), aiReasoning=null, labeledCommand=null)
00:37:22.576 [ INFO] maestro.cli.runner.MaestroCommandRunner.runCommands$lambda$11: Assert that id: context-popover-content is visible metadata CommandMetadata(numberOfRuns=null, evaluatedCommand=MaestroCommand(assertConditionCommand=AssertConditionCommand(condition=Condition(platform=null, visible=ElementSelector(textRegex=null, idRegex=context-popover-content, size=null, below=null, above=null, leftOf=null, rightOf=null, containsChild=null, containsDescendants=null, traits=null, index=null, enabled=null, optional=false, selected=null, checked=null, focused=null, childOf=null, css=null), notVisible=null, scriptCondition=null, label=null), timeout=null, label=null, optional=false)), logMessages=[], insight=Insight(message=, level=NONE), aiReasoning=null, labeledCommand=null)
00:37:22.688 [ INFO] maestro.cli.runner.MaestroCommandRunner.runCommands$lambda$11: Assert that id: context-popover-content is visible metadata CommandMetadata(numberOfRuns=null, evaluatedCommand=MaestroCommand(assertConditionCommand=AssertConditionCommand(condition=Condition(platform=null, visible=ElementSelector(textRegex=null, idRegex=context-popover-content, size=null, below=null, above=null, leftOf=null, rightOf=null, containsChild=null, containsDescendants=null, traits=null, index=null, enabled=null, optional=false, selected=null, checked=null, focused=null, childOf=null, css=null), notVisible=null, scriptCondition=null, label=null), timeout=null, label=null, optional=false)), logMessages=[], insight=Insight(message=, level=NONE), aiReasoning=null, labeledCommand=null)
00:37:22.797 [ INFO] maestro.cli.runner.MaestroCommandRunner.runCommands$lambda$11: Assert that id: context-popover-content is visible metadata CommandMetadata(numberOfRuns=null, evaluatedCommand=MaestroCommand(assertConditionCommand=AssertConditionCommand(condition=Condition(platform=null, visible=ElementSelector(textRegex=null, idRegex=context-popover-content, size=null, below=null, above=null, leftOf=null, rightOf=null, containsChild=null, containsDescendants=null, traits=null, index=null, enabled=null, optional=false, selected=null, checked=null, focused=null, childOf=null, css=null), notVisible=null, scriptCondition=null, label=null), timeout=null, label=null, optional=false)), logMessages=[], insight=Insight(message=, level=NONE), aiReasoning=null, labeledCommand=null)
00:37:22.907 [ INFO] maestro.cli.runner.MaestroCommandRunner.runCommands$lambda$11: Assert that id: context-popover-content is visible metadata CommandMetadata(numberOfRuns=null, evaluatedCommand=MaestroCommand(assertConditionCommand=AssertConditionCommand(condition=Condition(platform=null, visible=ElementSelector(textRegex=null, idRegex=context-popover-content, size=null, below=null, above=null, leftOf=null, rightOf=null, containsChild=null, containsDescendants=null, traits=null, index=null, enabled=null, optional=false, selected=null, checked=null, focused=null, childOf=null, css=null), notVisible=null, scriptCondition=null, label=null), timeout=null, label=null, optional=false)), logMessages=[], insight=Insight(message=, level=NONE), aiReasoning=null, labeledCommand=null)
00:37:23.017 [ INFO] maestro.cli.runner.MaestroCommandRunner.runCommands$lambda$11: Assert that id: context-popover-content is visible metadata CommandMetadata(numberOfRuns=null, evaluatedCommand=MaestroCommand(assertConditionCommand=AssertConditionCommand(condition=Condition(platform=null, visible=ElementSelector(textRegex=null, idRegex=context-popover-content, size=null, below=null, above=null, leftOf=null, rightOf=null, containsChild=null, containsDescendants=null, traits=null, index=null, enabled=null, optional=false, selected=null, checked=null, focused=null, childOf=null, css=null), notVisible=null, scriptCondition=null, label=null), timeout=null, label=null, optional=false)), logMessages=[], insight=Insight(message=, level=NONE), aiReasoning=null, labeledCommand=null)
00:37:23.122 [ INFO] maestro.cli.runner.MaestroCommandRunner.runCommands$lambda$11: Assert that id: context-popover-content is visible metadata CommandMetadata(numberOfRuns=null, evaluatedCommand=MaestroCommand(assertConditionCommand=AssertConditionCommand(condition=Condition(platform=null, visible=ElementSelector(textRegex=null, idRegex=context-popover-content, size=null, below=null, above=null, leftOf=null, rightOf=null, containsChild=null, containsDescendants=null, traits=null, index=null, enabled=null, optional=false, selected=null, checked=null, focused=null, childOf=null, css=null), notVisible=null, scriptCondition=null, label=null), timeout=null, label=null, optional=false)), logMessages=[], insight=Insight(message=, level=NONE), aiReasoning=null, labeledCommand=null)
00:37:23.235 [ INFO] maestro.cli.runner.MaestroCommandRunner.runCommands$lambda$11: Assert that id: context-popover-content is visible metadata CommandMetadata(numberOfRuns=null, evaluatedCommand=MaestroCommand(assertConditionCommand=AssertConditionCommand(condition=Condition(platform=null, visible=ElementSelector(textRegex=null, idRegex=context-popover-content, size=null, below=null, above=null, leftOf=null, rightOf=null, containsChild=null, containsDescendants=null, traits=null, index=null, enabled=null, optional=false, selected=null, checked=null, focused=null, childOf=null, css=null), notVisible=null, scriptCondition=null, label=null), timeout=null, label=null, optional=false)), logMessages=[], insight=Insight(message=, level=NONE), aiReasoning=null, labeledCommand=null)
00:37:23.349 [ INFO] maestro.cli.runner.MaestroCommandRunner.runCommands$lambda$11: Assert that id: context-popover-content is visible metadata CommandMetadata(numberOfRuns=null, evaluatedCommand=MaestroCommand(assertConditionCommand=AssertConditionCommand(condition=Condition(platform=null, visible=ElementSelector(textRegex=null, idRegex=context-popover-content, size=null, below=null, above=null, leftOf=null, rightOf=null, containsChild=null, containsDescendants=null, traits=null, index=null, enabled=null, optional=false, selected=null, checked=null, focused=null, childOf=null, css=null), notVisible=null, scriptCondition=null, label=null), timeout=null, label=null, optional=false)), logMessages=[], insight=Insight(message=, level=NONE), aiReasoning=null, labeledCommand=null)
00:37:23.463 [ INFO] maestro.cli.runner.MaestroCommandRunner.runCommands$lambda$11: Assert that id: context-popover-content is visible metadata CommandMetadata(numberOfRuns=null, evaluatedCommand=MaestroCommand(assertConditionCommand=AssertConditionCommand(condition=Condition(platform=null, visible=ElementSelector(textRegex=null, idRegex=context-popover-content, size=null, below=null, above=null, leftOf=null, rightOf=null, containsChild=null, containsDescendants=null, traits=null, index=null, enabled=null, optional=false, selected=null, checked=null, focused=null, childOf=null, css=null), notVisible=null, scriptCondition=null, label=null), timeout=null, label=null, optional=false)), logMessages=[], insight=Insight(message=, level=NONE), aiReasoning=null, labeledCommand=null)
00:37:23.574 [ INFO] maestro.cli.runner.MaestroCommandRunner.runCommands$lambda$11: Assert that id: context-popover-content is visible metadata CommandMetadata(numberOfRuns=null, evaluatedCommand=MaestroCommand(assertConditionCommand=AssertConditionCommand(condition=Condition(platform=null, visible=ElementSelector(textRegex=null, idRegex=context-popover-content, size=null, below=null, above=null, leftOf=null, rightOf=null, containsChild=null, containsDescendants=null, traits=null, index=null, enabled=null, optional=false, selected=null, checked=null, focused=null, childOf=null, css=null), notVisible=null, scriptCondition=null, label=null), timeout=null, label=null, optional=false)), logMessages=[], insight=Insight(message=, level=NONE), aiReasoning=null, labeledCommand=null)
00:37:23.681 [ INFO] maestro.cli.runner.MaestroCommandRunner.runCommands$lambda$11: Assert that id: context-popover-content is visible metadata CommandMetadata(numberOfRuns=null, evaluatedCommand=MaestroCommand(assertConditionCommand=AssertConditionCommand(condition=Condition(platform=null, visible=ElementSelector(textRegex=null, idRegex=context-popover-content, size=null, below=null, above=null, leftOf=null, rightOf=null, containsChild=null, containsDescendants=null, traits=null, index=null, enabled=null, optional=false, selected=null, checked=null, focused=null, childOf=null, css=null), notVisible=null, scriptCondition=null, label=null), timeout=null, label=null, optional=false)), logMessages=[], insight=Insight(message=, level=NONE), aiReasoning=null, labeledCommand=null)
00:37:23.786 [ INFO] maestro.cli.runner.MaestroCommandRunner.runCommands$lambda$11: Assert that id: context-popover-content is visible metadata CommandMetadata(numberOfRuns=null, evaluatedCommand=MaestroCommand(assertConditionCommand=AssertConditionCommand(condition=Condition(platform=null, visible=ElementSelector(textRegex=null, idRegex=context-popover-content, size=null, below=null, above=null, leftOf=null, rightOf=null, containsChild=null, containsDescendants=null, traits=null, index=null, enabled=null, optional=false, selected=null, checked=null, focused=null, childOf=null, css=null), notVisible=null, scriptCondition=null, label=null), timeout=null, label=null, optional=false)), logMessages=[], insight=Insight(message=, level=NONE), aiReasoning=null, labeledCommand=null)
00:37:23.890 [ INFO] maestro.cli.runner.MaestroCommandRunner.runCommands$lambda$11: Assert that id: context-popover-content is visible metadata CommandMetadata(numberOfRuns=null, evaluatedCommand=MaestroCommand(assertConditionCommand=AssertConditionCommand(condition=Condition(platform=null, visible=ElementSelector(textRegex=null, idRegex=context-popover-content, size=null, below=null, above=null, leftOf=null, rightOf=null, containsChild=null, containsDescendants=null, traits=null, index=null, enabled=null, optional=false, selected=null, checked=null, focused=null, childOf=null, css=null), notVisible=null, scriptCondition=null, label=null), timeout=null, label=null, optional=false)), logMessages=[], insight=Insight(message=, level=NONE), aiReasoning=null, labeledCommand=null)
00:37:23.993 [ INFO] maestro.cli.runner.MaestroCommandRunner.runCommands$lambda$11: Assert that id: context-popover-content is visible metadata CommandMetadata(numberOfRuns=null, evaluatedCommand=MaestroCommand(assertConditionCommand=AssertConditionCommand(condition=Condition(platform=null, visible=ElementSelector(textRegex=null, idRegex=context-popover-content, size=null, below=null, above=null, leftOf=null, rightOf=null, containsChild=null, containsDescendants=null, traits=null, index=null, enabled=null, optional=false, selected=null, checked=null, focused=null, childOf=null, css=null), notVisible=null, scriptCondition=null, label=null), timeout=null, label=null, optional=false)), logMessages=[], insight=Insight(message=, level=NONE), aiReasoning=null, labeledCommand=null)
00:37:24.095 [ INFO] maestro.cli.runner.MaestroCommandRunner.runCommands$lambda$11: Assert that id: context-popover-content is visible metadata CommandMetadata(numberOfRuns=null, evaluatedCommand=MaestroCommand(assertConditionCommand=AssertConditionCommand(condition=Condition(platform=null, visible=ElementSelector(textRegex=null, idRegex=context-popover-content, size=null, below=null, above=null, leftOf=null, rightOf=null, containsChild=null, containsDescendants=null, traits=null, index=null, enabled=null, optional=false, selected=null, checked=null, focused=null, childOf=null, css=null), notVisible=null, scriptCondition=null, label=null), timeout=null, label=null, optional=false)), logMessages=[], insight=Insight(message=, level=NONE), aiReasoning=null, labeledCommand=null)
00:37:24.196 [ INFO] maestro.cli.runner.MaestroCommandRunner.runCommands$lambda$11: Assert that id: context-popover-content is visible metadata CommandMetadata(numberOfRuns=null, evaluatedCommand=MaestroCommand(assertConditionCommand=AssertConditionCommand(condition=Condition(platform=null, visible=ElementSelector(textRegex=null, idRegex=context-popover-content, size=null, below=null, above=null, leftOf=null, rightOf=null, containsChild=null, containsDescendants=null, traits=null, index=null, enabled=null, optional=false, selected=null, checked=null, focused=null, childOf=null, css=null), notVisible=null, scriptCondition=null, label=null), timeout=null, label=null, optional=false)), logMessages=[], insight=Insight(message=, level=NONE), aiReasoning=null, labeledCommand=null)
00:37:24.298 [ INFO] maestro.cli.runner.MaestroCommandRunner.runCommands$lambda$11: Assert that id: context-popover-content is visible metadata CommandMetadata(numberOfRuns=null, evaluatedCommand=MaestroCommand(assertConditionCommand=AssertConditionCommand(condition=Condition(platform=null, visible=ElementSelector(textRegex=null, idRegex=context-popover-content, size=null, below=null, above=null, leftOf=null, rightOf=null, containsChild=null, containsDescendants=null, traits=null, index=null, enabled=null, optional=false, selected=null, checked=null, focused=null, childOf=null, css=null), notVisible=null, scriptCondition=null, label=null), timeout=null, label=null, optional=false)), logMessages=[], insight=Insight(message=, level=NONE), aiReasoning=null, labeledCommand=null)
00:37:24.402 [ INFO] maestro.cli.runner.MaestroCommandRunner.runCommands$lambda$11: Assert that id: context-popover-content is visible metadata CommandMetadata(numberOfRuns=null, evaluatedCommand=MaestroCommand(assertConditionCommand=AssertConditionCommand(condition=Condition(platform=null, visible=ElementSelector(textRegex=null, idRegex=context-popover-content, size=null, below=null, above=null, leftOf=null, rightOf=null, containsChild=null, containsDescendants=null, traits=null, index=null, enabled=null, optional=false, selected=null, checked=null, focused=null, childOf=null, css=null), notVisible=null, scriptCondition=null, label=null), timeout=null, label=null, optional=false)), logMessages=[], insight=Insight(message=, level=NONE), aiReasoning=null, labeledCommand=null)
00:37:24.506 [ INFO] maestro.cli.runner.MaestroCommandRunner.runCommands$lambda$11: Assert that id: context-popover-content is visible metadata CommandMetadata(numberOfRuns=null, evaluatedCommand=MaestroCommand(assertConditionCommand=AssertConditionCommand(condition=Condition(platform=null, visible=ElementSelector(textRegex=null, idRegex=context-popover-content, size=null, below=null, above=null, leftOf=null, rightOf=null, containsChild=null, containsDescendants=null, traits=null, index=null, enabled=null, optional=false, selected=null, checked=null, focused=null, childOf=null, css=null), notVisible=null, scriptCondition=null, label=null), timeout=null, label=null, optional=false)), logMessages=[], insight=Insight(message=, level=NONE), aiReasoning=null, labeledCommand=null)
00:37:24.613 [ INFO] maestro.cli.runner.MaestroCommandRunner.runCommands$lambda$11: Assert that id: context-popover-content is visible metadata CommandMetadata(numberOfRuns=null, evaluatedCommand=MaestroCommand(assertConditionCommand=AssertConditionCommand(condition=Condition(platform=null, visible=ElementSelector(textRegex=null, idRegex=context-popover-content, size=null, below=null, above=null, leftOf=null, rightOf=null, containsChild=null, containsDescendants=null, traits=null, index=null, enabled=null, optional=false, selected=null, checked=null, focused=null, childOf=null, css=null), notVisible=null, scriptCondition=null, label=null), timeout=null, label=null, optional=false)), logMessages=[], insight=Insight(message=, level=NONE), aiReasoning=null, labeledCommand=null)
00:37:24.717 [ INFO] maestro.cli.runner.MaestroCommandRunner.runCommands$lambda$11: Assert that id: context-popover-content is visible metadata CommandMetadata(numberOfRuns=null, evaluatedCommand=MaestroCommand(assertConditionCommand=AssertConditionCommand(condition=Condition(platform=null, visible=ElementSelector(textRegex=null, idRegex=context-popover-content, size=null, below=null, above=null, leftOf=null, rightOf=null, containsChild=null, containsDescendants=null, traits=null, index=null, enabled=null, optional=false, selected=null, checked=null, focused=null, childOf=null, css=null), notVisible=null, scriptCondition=null, label=null), timeout=null, label=null, optional=false)), logMessages=[], insight=Insight(message=, level=NONE), aiReasoning=null, labeledCommand=null)
00:37:24.820 [ INFO] maestro.cli.runner.MaestroCommandRunner.runCommands$lambda$11: Assert that id: context-popover-content is visible metadata CommandMetadata(numberOfRuns=null, evaluatedCommand=MaestroCommand(assertConditionCommand=AssertConditionCommand(condition=Condition(platform=null, visible=ElementSelector(textRegex=null, idRegex=context-popover-content, size=null, below=null, above=null, leftOf=null, rightOf=null, containsChild=null, containsDescendants=null, traits=null, index=null, enabled=null, optional=false, selected=null, checked=null, focused=null, childOf=null, css=null), notVisible=null, scriptCondition=null, label=null), timeout=null, label=null, optional=false)), logMessages=[], insight=Insight(message=, level=NONE), aiReasoning=null, labeledCommand=null)
00:37:24.922 [ INFO] maestro.cli.runner.MaestroCommandRunner.runCommands$lambda$11: Assert that id: context-popover-content is visible metadata CommandMetadata(numberOfRuns=null, evaluatedCommand=MaestroCommand(assertConditionCommand=AssertConditionCommand(condition=Condition(platform=null, visible=ElementSelector(textRegex=null, idRegex=context-popover-content, size=null, below=null, above=null, leftOf=null, rightOf=null, containsChild=null, containsDescendants=null, traits=null, index=null, enabled=null, optional=false, selected=null, checked=null, focused=null, childOf=null, css=null), notVisible=null, scriptCondition=null, label=null), timeout=null, label=null, optional=false)), logMessages=[], insight=Insight(message=, level=NONE), aiReasoning=null, labeledCommand=null)
00:37:25.025 [ INFO] maestro.cli.runner.MaestroCommandRunner.runCommands$lambda$11: Assert that id: context-popover-content is visible metadata CommandMetadata(numberOfRuns=null, evaluatedCommand=MaestroCommand(assertConditionCommand=AssertConditionCommand(condition=Condition(platform=null, visible=ElementSelector(textRegex=null, idRegex=context-popover-content, size=null, below=null, above=null, leftOf=null, rightOf=null, containsChild=null, containsDescendants=null, traits=null, index=null, enabled=null, optional=false, selected=null, checked=null, focused=null, childOf=null, css=null), notVisible=null, scriptCondition=null, label=null), timeout=null, label=null, optional=false)), logMessages=[], insight=Insight(message=, level=NONE), aiReasoning=null, labeledCommand=null)
00:37:25.127 [ INFO] maestro.cli.runner.MaestroCommandRunner.runCommands$lambda$11: Assert that id: context-popover-content is visible metadata CommandMetadata(numberOfRuns=null, evaluatedCommand=MaestroCommand(assertConditionCommand=AssertConditionCommand(condition=Condition(platform=null, visible=ElementSelector(textRegex=null, idRegex=context-popover-content, size=null, below=null, above=null, leftOf=null, rightOf=null, containsChild=null, containsDescendants=null, traits=null, index=null, enabled=null, optional=false, selected=null, checked=null, focused=null, childOf=null, css=null), notVisible=null, scriptCondition=null, label=null), timeout=null, label=null, optional=false)), logMessages=[], insight=Insight(message=, level=NONE), aiReasoning=null, labeledCommand=null)
00:37:25.233 [ INFO] maestro.cli.runner.MaestroCommandRunner.runCommands$lambda$11: Assert that id: context-popover-content is visible metadata CommandMetadata(numberOfRuns=null, evaluatedCommand=MaestroCommand(assertConditionCommand=AssertConditionCommand(condition=Condition(platform=null, visible=ElementSelector(textRegex=null, idRegex=context-popover-content, size=null, below=null, above=null, leftOf=null, rightOf=null, containsChild=null, containsDescendants=null, traits=null, index=null, enabled=null, optional=false, selected=null, checked=null, focused=null, childOf=null, css=null), notVisible=null, scriptCondition=null, label=null), timeout=null, label=null, optional=false)), logMessages=[], insight=Insight(message=, level=NONE), aiReasoning=null, labeledCommand=null)
00:37:25.350 [ INFO] maestro.cli.runner.MaestroCommandRunner.runCommands$lambda$11: Assert that id: context-popover-content is visible metadata CommandMetadata(numberOfRuns=null, evaluatedCommand=MaestroCommand(assertConditionCommand=AssertConditionCommand(condition=Condition(platform=null, visible=ElementSelector(textRegex=null, idRegex=context-popover-content, size=null, below=null, above=null, leftOf=null, rightOf=null, containsChild=null, containsDescendants=null, traits=null, index=null, enabled=null, optional=false, selected=null, checked=null, focused=null, childOf=null, css=null), notVisible=null, scriptCondition=null, label=null), timeout=null, label=null, optional=false)), logMessages=[], insight=Insight(message=, level=NONE), aiReasoning=null, labeledCommand=null)
00:37:25.483 [ INFO] maestro.cli.runner.MaestroCommandRunner.runCommands$lambda$11: Assert that id: context-popover-content is visible metadata CommandMetadata(numberOfRuns=null, evaluatedCommand=MaestroCommand(assertConditionCommand=AssertConditionCommand(condition=Condition(platform=null, visible=ElementSelector(textRegex=null, idRegex=context-popover-content, size=null, below=null, above=null, leftOf=null, rightOf=null, containsChild=null, containsDescendants=null, traits=null, index=null, enabled=null, optional=false, selected=null, checked=null, focused=null, childOf=null, css=null), notVisible=null, scriptCondition=null, label=null), timeout=null, label=null, optional=false)), logMessages=[], insight=Insight(message=, level=NONE), aiReasoning=null, labeledCommand=null)
00:37:25.609 [ INFO] maestro.cli.runner.MaestroCommandRunner.runCommands$lambda$11: Assert that id: context-popover-content is visible metadata CommandMetadata(numberOfRuns=null, evaluatedCommand=MaestroCommand(assertConditionCommand=AssertConditionCommand(condition=Condition(platform=null, visible=ElementSelector(textRegex=null, idRegex=context-popover-content, size=null, below=null, above=null, leftOf=null, rightOf=null, containsChild=null, containsDescendants=null, traits=null, index=null, enabled=null, optional=false, selected=null, checked=null, focused=null, childOf=null, css=null), notVisible=null, scriptCondition=null, label=null), timeout=null, label=null, optional=false)), logMessages=[], insight=Insight(message=, level=NONE), aiReasoning=null, labeledCommand=null)
00:37:25.727 [ INFO] maestro.cli.runner.MaestroCommandRunner.runCommands$lambda$11: Assert that id: context-popover-content is visible metadata CommandMetadata(numberOfRuns=null, evaluatedCommand=MaestroCommand(assertConditionCommand=AssertConditionCommand(condition=Condition(platform=null, visible=ElementSelector(textRegex=null, idRegex=context-popover-content, size=null, below=null, above=null, leftOf=null, rightOf=null, containsChild=null, containsDescendants=null, traits=null, index=null, enabled=null, optional=false, selected=null, checked=null, focused=null, childOf=null, css=null), notVisible=null, scriptCondition=null, label=null), timeout=null, label=null, optional=false)), logMessages=[], insight=Insight(message=, level=NONE), aiReasoning=null, labeledCommand=null)
00:37:25.838 [ INFO] maestro.cli.runner.MaestroCommandRunner.runCommands$lambda$11: Assert that id: context-popover-content is visible metadata CommandMetadata(numberOfRuns=null, evaluatedCommand=MaestroCommand(assertConditionCommand=AssertConditionCommand(condition=Condition(platform=null, visible=ElementSelector(textRegex=null, idRegex=context-popover-content, size=null, below=null, above=null, leftOf=null, rightOf=null, containsChild=null, containsDescendants=null, traits=null, index=null, enabled=null, optional=false, selected=null, checked=null, focused=null, childOf=null, css=null), notVisible=null, scriptCondition=null, label=null), timeout=null, label=null, optional=false)), logMessages=[], insight=Insight(message=, level=NONE), aiReasoning=null, labeledCommand=null)
00:37:25.963 [ INFO] maestro.cli.runner.MaestroCommandRunner.runCommands$lambda$11: Assert that id: context-popover-content is visible metadata CommandMetadata(numberOfRuns=null, evaluatedCommand=MaestroCommand(assertConditionCommand=AssertConditionCommand(condition=Condition(platform=null, visible=ElementSelector(textRegex=null, idRegex=context-popover-content, size=null, below=null, above=null, leftOf=null, rightOf=null, containsChild=null, containsDescendants=null, traits=null, index=null, enabled=null, optional=false, selected=null, checked=null, focused=null, childOf=null, css=null), notVisible=null, scriptCondition=null, label=null), timeout=null, label=null, optional=false)), logMessages=[], insight=Insight(message=, level=NONE), aiReasoning=null, labeledCommand=null)
00:37:26.094 [ INFO] maestro.cli.runner.MaestroCommandRunner.runCommands$lambda$11: Assert that id: context-popover-content is visible metadata CommandMetadata(numberOfRuns=null, evaluatedCommand=MaestroCommand(assertConditionCommand=AssertConditionCommand(condition=Condition(platform=null, visible=ElementSelector(textRegex=null, idRegex=context-popover-content, size=null, below=null, above=null, leftOf=null, rightOf=null, containsChild=null, containsDescendants=null, traits=null, index=null, enabled=null, optional=false, selected=null, checked=null, focused=null, childOf=null, css=null), notVisible=null, scriptCondition=null, label=null), timeout=null, label=null, optional=false)), logMessages=[], insight=Insight(message=, level=NONE), aiReasoning=null, labeledCommand=null)
00:37:26.206 [ INFO] maestro.cli.runner.MaestroCommandRunner.runCommands$lambda$11: Assert that id: context-popover-content is visible metadata CommandMetadata(numberOfRuns=null, evaluatedCommand=MaestroCommand(assertConditionCommand=AssertConditionCommand(condition=Condition(platform=null, visible=ElementSelector(textRegex=null, idRegex=context-popover-content, size=null, below=null, above=null, leftOf=null, rightOf=null, containsChild=null, containsDescendants=null, traits=null, index=null, enabled=null, optional=false, selected=null, checked=null, focused=null, childOf=null, css=null), notVisible=null, scriptCondition=null, label=null), timeout=null, label=null, optional=false)), logMessages=[], insight=Insight(message=, level=NONE), aiReasoning=null, labeledCommand=null)
00:37:26.310 [ INFO] maestro.cli.runner.MaestroCommandRunner.runCommands$lambda$11: Assert that id: context-popover-content is visible metadata CommandMetadata(numberOfRuns=null, evaluatedCommand=MaestroCommand(assertConditionCommand=AssertConditionCommand(condition=Condition(platform=null, visible=ElementSelector(textRegex=null, idRegex=context-popover-content, size=null, below=null, above=null, leftOf=null, rightOf=null, containsChild=null, containsDescendants=null, traits=null, index=null, enabled=null, optional=false, selected=null, checked=null, focused=null, childOf=null, css=null), notVisible=null, scriptCondition=null, label=null), timeout=null, label=null, optional=false)), logMessages=[], insight=Insight(message=, level=NONE), aiReasoning=null, labeledCommand=null)
00:37:26.413 [ INFO] maestro.cli.runner.MaestroCommandRunner.runCommands$lambda$11: Assert that id: context-popover-content is visible metadata CommandMetadata(numberOfRuns=null, evaluatedCommand=MaestroCommand(assertConditionCommand=AssertConditionCommand(condition=Condition(platform=null, visible=ElementSelector(textRegex=null, idRegex=context-popover-content, size=null, below=null, above=null, leftOf=null, rightOf=null, containsChild=null, containsDescendants=null, traits=null, index=null, enabled=null, optional=false, selected=null, checked=null, focused=null, childOf=null, css=null), notVisible=null, scriptCondition=null, label=null), timeout=null, label=null, optional=false)), logMessages=[], insight=Insight(message=, level=NONE), aiReasoning=null, labeledCommand=null)
00:37:26.515 [ INFO] maestro.cli.runner.MaestroCommandRunner.runCommands$lambda$11: Assert that id: context-popover-content is visible metadata CommandMetadata(numberOfRuns=null, evaluatedCommand=MaestroCommand(assertConditionCommand=AssertConditionCommand(condition=Condition(platform=null, visible=ElementSelector(textRegex=null, idRegex=context-popover-content, size=null, below=null, above=null, leftOf=null, rightOf=null, containsChild=null, containsDescendants=null, traits=null, index=null, enabled=null, optional=false, selected=null, checked=null, focused=null, childOf=null, css=null), notVisible=null, scriptCondition=null, label=null), timeout=null, label=null, optional=false)), logMessages=[], insight=Insight(message=, level=NONE), aiReasoning=null, labeledCommand=null)
00:37:26.625 [ INFO] maestro.cli.runner.MaestroCommandRunner.runCommands$lambda$11: Assert that id: context-popover-content is visible metadata CommandMetadata(numberOfRuns=null, evaluatedCommand=MaestroCommand(assertConditionCommand=AssertConditionCommand(condition=Condition(platform=null, visible=ElementSelector(textRegex=null, idRegex=context-popover-content, size=null, below=null, above=null, leftOf=null, rightOf=null, containsChild=null, containsDescendants=null, traits=null, index=null, enabled=null, optional=false, selected=null, checked=null, focused=null, childOf=null, css=null), notVisible=null, scriptCondition=null, label=null), timeout=null, label=null, optional=false)), logMessages=[], insight=Insight(message=, level=NONE), aiReasoning=null, labeledCommand=null)
00:37:26.735 [ INFO] maestro.cli.runner.MaestroCommandRunner.runCommands$lambda$11: Assert that id: context-popover-content is visible metadata CommandMetadata(numberOfRuns=null, evaluatedCommand=MaestroCommand(assertConditionCommand=AssertConditionCommand(condition=Condition(platform=null, visible=ElementSelector(textRegex=null, idRegex=context-popover-content, size=null, below=null, above=null, leftOf=null, rightOf=null, containsChild=null, containsDescendants=null, traits=null, index=null, enabled=null, optional=false, selected=null, checked=null, focused=null, childOf=null, css=null), notVisible=null, scriptCondition=null, label=null), timeout=null, label=null, optional=false)), logMessages=[], insight=Insight(message=, level=NONE), aiReasoning=null, labeledCommand=null)
00:37:26.837 [ INFO] maestro.cli.runner.MaestroCommandRunner.runCommands$lambda$11: Assert that id: context-popover-content is visible metadata CommandMetadata(numberOfRuns=null, evaluatedCommand=MaestroCommand(assertConditionCommand=AssertConditionCommand(condition=Condition(platform=null, visible=ElementSelector(textRegex=null, idRegex=context-popover-content, size=null, below=null, above=null, leftOf=null, rightOf=null, containsChild=null, containsDescendants=null, traits=null, index=null, enabled=null, optional=false, selected=null, checked=null, focused=null, childOf=null, css=null), notVisible=null, scriptCondition=null, label=null), timeout=null, label=null, optional=false)), logMessages=[], insight=Insight(message=, level=NONE), aiReasoning=null, labeledCommand=null)
00:37:26.941 [ INFO] maestro.cli.runner.MaestroCommandRunner.runCommands$lambda$11: Assert that id: context-popover-content is visible metadata CommandMetadata(numberOfRuns=null, evaluatedCommand=MaestroCommand(assertConditionCommand=AssertConditionCommand(condition=Condition(platform=null, visible=ElementSelector(textRegex=null, idRegex=context-popover-content, size=null, below=null, above=null, leftOf=null, rightOf=null, containsChild=null, containsDescendants=null, traits=null, index=null, enabled=null, optional=false, selected=null, checked=null, focused=null, childOf=null, css=null), notVisible=null, scriptCondition=null, label=null), timeout=null, label=null, optional=false)), logMessages=[], insight=Insight(message=, level=NONE), aiReasoning=null, labeledCommand=null)
00:37:27.042 [ INFO] maestro.cli.runner.MaestroCommandRunner.runCommands$lambda$11: Assert that id: context-popover-content is visible metadata CommandMetadata(numberOfRuns=null, evaluatedCommand=MaestroCommand(assertConditionCommand=AssertConditionCommand(condition=Condition(platform=null, visible=ElementSelector(textRegex=null, idRegex=context-popover-content, size=null, below=null, above=null, leftOf=null, rightOf=null, containsChild=null, containsDescendants=null, traits=null, index=null, enabled=null, optional=false, selected=null, checked=null, focused=null, childOf=null, css=null), notVisible=null, scriptCondition=null, label=null), timeout=null, label=null, optional=false)), logMessages=[], insight=Insight(message=, level=NONE), aiReasoning=null, labeledCommand=null)
00:37:27.144 [ INFO] maestro.cli.runner.MaestroCommandRunner.runCommands$lambda$11: Assert that id: context-popover-content is visible metadata CommandMetadata(numberOfRuns=null, evaluatedCommand=MaestroCommand(assertConditionCommand=AssertConditionCommand(condition=Condition(platform=null, visible=ElementSelector(textRegex=null, idRegex=context-popover-content, size=null, below=null, above=null, leftOf=null, rightOf=null, containsChild=null, containsDescendants=null, traits=null, index=null, enabled=null, optional=false, selected=null, checked=null, focused=null, childOf=null, css=null), notVisible=null, scriptCondition=null, label=null), timeout=null, label=null, optional=false)), logMessages=[], insight=Insight(message=, level=NONE), aiReasoning=null, labeledCommand=null)
00:37:27.247 [ INFO] maestro.cli.runner.MaestroCommandRunner.runCommands$lambda$11: Assert that id: context-popover-content is visible metadata CommandMetadata(numberOfRuns=null, evaluatedCommand=MaestroCommand(assertConditionCommand=AssertConditionCommand(condition=Condition(platform=null, visible=ElementSelector(textRegex=null, idRegex=context-popover-content, size=null, below=null, above=null, leftOf=null, rightOf=null, containsChild=null, containsDescendants=null, traits=null, index=null, enabled=null, optional=false, selected=null, checked=null, focused=null, childOf=null, css=null), notVisible=null, scriptCondition=null, label=null), timeout=null, label=null, optional=false)), logMessages=[], insight=Insight(message=, level=NONE), aiReasoning=null, labeledCommand=null)
00:37:27.348 [ INFO] maestro.cli.runner.MaestroCommandRunner.runCommands$lambda$11: Assert that id: context-popover-content is visible metadata CommandMetadata(numberOfRuns=null, evaluatedCommand=MaestroCommand(assertConditionCommand=AssertConditionCommand(condition=Condition(platform=null, visible=ElementSelector(textRegex=null, idRegex=context-popover-content, size=null, below=null, above=null, leftOf=null, rightOf=null, containsChild=null, containsDescendants=null, traits=null, index=null, enabled=null, optional=false, selected=null, checked=null, focused=null, childOf=null, css=null), notVisible=null, scriptCondition=null, label=null), timeout=null, label=null, optional=false)), logMessages=[], insight=Insight(message=, level=NONE), aiReasoning=null, labeledCommand=null)
00:37:27.456 [ INFO] maestro.cli.runner.MaestroCommandRunner.runCommands$lambda$11: Assert that id: context-popover-content is visible metadata CommandMetadata(numberOfRuns=null, evaluatedCommand=MaestroCommand(assertConditionCommand=AssertConditionCommand(condition=Condition(platform=null, visible=ElementSelector(textRegex=null, idRegex=context-popover-content, size=null, below=null, above=null, leftOf=null, rightOf=null, containsChild=null, containsDescendants=null, traits=null, index=null, enabled=null, optional=false, selected=null, checked=null, focused=null, childOf=null, css=null), notVisible=null, scriptCondition=null, label=null), timeout=null, label=null, optional=false)), logMessages=[], insight=Insight(message=, level=NONE), aiReasoning=null, labeledCommand=null)
00:37:27.560 [ INFO] maestro.cli.runner.MaestroCommandRunner.runCommands$lambda$11: Assert that id: context-popover-content is visible metadata CommandMetadata(numberOfRuns=null, evaluatedCommand=MaestroCommand(assertConditionCommand=AssertConditionCommand(condition=Condition(platform=null, visible=ElementSelector(textRegex=null, idRegex=context-popover-content, size=null, below=null, above=null, leftOf=null, rightOf=null, containsChild=null, containsDescendants=null, traits=null, index=null, enabled=null, optional=false, selected=null, checked=null, focused=null, childOf=null, css=null), notVisible=null, scriptCondition=null, label=null), timeout=null, label=null, optional=false)), logMessages=[], insight=Insight(message=, level=NONE), aiReasoning=null, labeledCommand=null)
00:37:27.666 [ INFO] maestro.cli.runner.MaestroCommandRunner.runCommands$lambda$11: Assert that id: context-popover-content is visible metadata CommandMetadata(numberOfRuns=null, evaluatedCommand=MaestroCommand(assertConditionCommand=AssertConditionCommand(condition=Condition(platform=null, visible=ElementSelector(textRegex=null, idRegex=context-popover-content, size=null, below=null, above=null, leftOf=null, rightOf=null, containsChild=null, containsDescendants=null, traits=null, index=null, enabled=null, optional=false, selected=null, checked=null, focused=null, childOf=null, css=null), notVisible=null, scriptCondition=null, label=null), timeout=null, label=null, optional=false)), logMessages=[], insight=Insight(message=, level=NONE), aiReasoning=null, labeledCommand=null)
00:37:27.771 [ INFO] maestro.cli.runner.MaestroCommandRunner.runCommands$lambda$11: Assert that id: context-popover-content is visible metadata CommandMetadata(numberOfRuns=null, evaluatedCommand=MaestroCommand(assertConditionCommand=AssertConditionCommand(condition=Condition(platform=null, visible=ElementSelector(textRegex=null, idRegex=context-popover-content, size=null, below=null, above=null, leftOf=null, rightOf=null, containsChild=null, containsDescendants=null, traits=null, index=null, enabled=null, optional=false, selected=null, checked=null, focused=null, childOf=null, css=null), notVisible=null, scriptCondition=null, label=null), timeout=null, label=null, optional=false)), logMessages=[], insight=Insight(message=, level=NONE), aiReasoning=null, labeledCommand=null)
00:37:27.880 [ INFO] maestro.cli.runner.MaestroCommandRunner.runCommands$lambda$11: Assert that id: context-popover-content is visible metadata CommandMetadata(numberOfRuns=null, evaluatedCommand=MaestroCommand(assertConditionCommand=AssertConditionCommand(condition=Condition(platform=null, visible=ElementSelector(textRegex=null, idRegex=context-popover-content, size=null, below=null, above=null, leftOf=null, rightOf=null, containsChild=null, containsDescendants=null, traits=null, index=null, enabled=null, optional=false, selected=null, checked=null, focused=null, childOf=null, css=null), notVisible=null, scriptCondition=null, label=null), timeout=null, label=null, optional=false)), logMessages=[], insight=Insight(message=, level=NONE), aiReasoning=null, labeledCommand=null)
00:37:27.983 [ INFO] maestro.cli.runner.MaestroCommandRunner.runCommands$lambda$11: Assert that id: context-popover-content is visible metadata CommandMetadata(numberOfRuns=null, evaluatedCommand=MaestroCommand(assertConditionCommand=AssertConditionCommand(condition=Condition(platform=null, visible=ElementSelector(textRegex=null, idRegex=context-popover-content, size=null, below=null, above=null, leftOf=null, rightOf=null, containsChild=null, containsDescendants=null, traits=null, index=null, enabled=null, optional=false, selected=null, checked=null, focused=null, childOf=null, css=null), notVisible=null, scriptCondition=null, label=null), timeout=null, label=null, optional=false)), logMessages=[], insight=Insight(message=, level=NONE), aiReasoning=null, labeledCommand=null)
00:37:28.111 [ INFO] maestro.cli.runner.MaestroCommandRunner.runCommands$lambda$11: Assert that id: context-popover-content is visible metadata CommandMetadata(numberOfRuns=null, evaluatedCommand=MaestroCommand(assertConditionCommand=AssertConditionCommand(condition=Condition(platform=null, visible=ElementSelector(textRegex=null, idRegex=context-popover-content, size=null, below=null, above=null, leftOf=null, rightOf=null, containsChild=null, containsDescendants=null, traits=null, index=null, enabled=null, optional=false, selected=null, checked=null, focused=null, childOf=null, css=null), notVisible=null, scriptCondition=null, label=null), timeout=null, label=null, optional=false)), logMessages=[], insight=Insight(message=, level=NONE), aiReasoning=null, labeledCommand=null)
00:37:28.215 [ INFO] maestro.cli.runner.MaestroCommandRunner.runCommands$lambda$11: Assert that id: context-popover-content is visible metadata CommandMetadata(numberOfRuns=null, evaluatedCommand=MaestroCommand(assertConditionCommand=AssertConditionCommand(condition=Condition(platform=null, visible=ElementSelector(textRegex=null, idRegex=context-popover-content, size=null, below=null, above=null, leftOf=null, rightOf=null, containsChild=null, containsDescendants=null, traits=null, index=null, enabled=null, optional=false, selected=null, checked=null, focused=null, childOf=null, css=null), notVisible=null, scriptCondition=null, label=null), timeout=null, label=null, optional=false)), logMessages=[], insight=Insight(message=, level=NONE), aiReasoning=null, labeledCommand=null)
00:37:28.317 [ INFO] maestro.cli.runner.MaestroCommandRunner.runCommands$lambda$11: Assert that id: context-popover-content is visible metadata CommandMetadata(numberOfRuns=null, evaluatedCommand=MaestroCommand(assertConditionCommand=AssertConditionCommand(condition=Condition(platform=null, visible=ElementSelector(textRegex=null, idRegex=context-popover-content, size=null, below=null, above=null, leftOf=null, rightOf=null, containsChild=null, containsDescendants=null, traits=null, index=null, enabled=null, optional=false, selected=null, checked=null, focused=null, childOf=null, css=null), notVisible=null, scriptCondition=null, label=null), timeout=null, label=null, optional=false)), logMessages=[], insight=Insight(message=, level=NONE), aiReasoning=null, labeledCommand=null)
00:37:28.423 [ INFO] maestro.cli.runner.MaestroCommandRunner.runCommands$lambda$11: Assert that id: context-popover-content is visible metadata CommandMetadata(numberOfRuns=null, evaluatedCommand=MaestroCommand(assertConditionCommand=AssertConditionCommand(condition=Condition(platform=null, visible=ElementSelector(textRegex=null, idRegex=context-popover-content, size=null, below=null, above=null, leftOf=null, rightOf=null, containsChild=null, containsDescendants=null, traits=null, index=null, enabled=null, optional=false, selected=null, checked=null, focused=null, childOf=null, css=null), notVisible=null, scriptCondition=null, label=null), timeout=null, label=null, optional=false)), logMessages=[], insight=Insight(message=, level=NONE), aiReasoning=null, labeledCommand=null)
00:37:28.527 [ INFO] maestro.cli.runner.MaestroCommandRunner.runCommands$lambda$11: Assert that id: context-popover-content is visible metadata CommandMetadata(numberOfRuns=null, evaluatedCommand=MaestroCommand(assertConditionCommand=AssertConditionCommand(condition=Condition(platform=null, visible=ElementSelector(textRegex=null, idRegex=context-popover-content, size=null, below=null, above=null, leftOf=null, rightOf=null, containsChild=null, containsDescendants=null, traits=null, index=null, enabled=null, optional=false, selected=null, checked=null, focused=null, childOf=null, css=null), notVisible=null, scriptCondition=null, label=null), timeout=null, label=null, optional=false)), logMessages=[], insight=Insight(message=, level=NONE), aiReasoning=null, labeledCommand=null)
00:37:28.527 [ERROR] maestro.orchestra.Orchestra.executeCommands: [Command execution] CommandFailed: Assertion is false: id: context-popover-content is visible
00:37:28.530 [ INFO] maestro.Maestro.takeScreenshot: Taking screenshot
00:37:28.531 [TRACE] maestro.utils.ScreenshotUtils.takeScreenshot: Taking screenshot to output sink
00:37:28.598 [ INFO] maestro.cli.runner.MaestroCommandRunner.runCommands$lambda$4: Assert that id: context-popover-content is visible FAILED
00:37:28.750 [ INFO] maestro.cli.report.TestDebugReporter.deleteOldFiles: Performing purge of logs older than 14 days from /Users/justinrich/.maestro/tests
